NODE,mcc_mean,mcc_std,mcc_p10,mcc_p90,n
AFPR_1_TOT_GEN-APND,0.0,0.0,0.0,0.0,96
AFTON_3_AFTONCC-APND,0.0,0.0,0.0,0.0,96
AGRICO_6_PL3N5-APND,-2.7351409375,17.126666959516122,-17.907815,11.159575,96
AGRICO_7_UNIT-APND,-2.7351409375,17.126666959516122,-17.907815,11.159575,96
ALAMIT_2_PL1X3-APND,-3.9982562500000003,11.643508269022366,-12.03011,0.0,96
ALF_1_ALBENI_F_PLANT-APND,0.0,0.0,0.0,0.0,96
ANTLPE_2_QF-APND,-5.804293958333333,11.777282337515237,-16.420365,0.0,96
APXGS_5_CC-APND,0.0,0.0,0.0,0.0,96
AQUAWS_2_AQWSR1-APND,-2.5976025000000003,11.281441516686364,-16.80944,1.139665,96
ATHOS_5_AP1X2-APND,-6.803526875,18.202415831986606,-10.797754999999999,0.0,96
ATHOS_5_AP2X2-APND,-6.803526874999999,18.202415831986603,-10.797754999999999,0.0,96
AVA_AVA.AVRN-APND,0.0,0.0,0.0,0.0,96
AVA_AVA.BPAT-APND,0.0,0.0,0.0,0.0,96
AVA_AVA.COLSTRIP-APND,0.0,0.0,0.0,0.0,96
AVA_AVAT.NWMT-APND,0.0,0.0,0.0,0.0,96
AVA_COYSPR2-APND,0.0,0.0,0.0,0.0,96
AVA_DRYCREEK-APND,0.0,0.0,0.0,0.0,96
AVA_LOLO-APND,0.0,0.0,0.0,0.0,96
AVA_MAINCANALGEN-APND,0.0,0.0,0.0,0.0,96
AVA_MIDC.AV-APND,0.0,0.0,0.0,0.0,96
AVA_MIDCREMOTE-APND,0.0,0.0,0.0,0.0,96
AVA_POPD-APND,0.0,0.0,0.0,0.0,96
AVA_SUMMERFALLGEN-APND,0.0,0.0,0.0,0.0,96
AVA_WALLAWALLA-APND,0.0,0.0,0.0,0.0,96
AVRN_AVA.AVRN-APND,0.0,0.0,0.0,0.0,96
AVRN_BPAT.AVRN-APND,0.0,0.0,0.0,0.0,96
AVRN_KFALLSGEN.AVRN-APND,0.0,0.0,0.0,0.0,96
AVRN_KFALLSGENAVRN-APND,0.0,0.0,0.0,0.0,96
AVRN_MSS_COLUMB-APND,0.0,0.0,0.0,0.0,96
AVRN_MSS_KLICK-APND,0.0,0.0,0.0,0.0,96
AVRN_MSS_WASCO-APND,0.0,0.0,0.0,0.0,96
AZPS_BUCKEYE230-APND,0.0,0.0,0.0,0.0,96
AZPS_CHOLLA500_SRP-APND,0.0,0.0,0.0,0.0,96
AZPS_DESERTBASIN-APND,0.0,0.0,0.0,0.0,96
AZPS_FOURCORNE345_AZPS-APND,0.0,0.0,0.0,0.0,96
AZPS_FOURCORNE345_PNM-APND,0.0,0.0,0.0,0.0,96
AZPS_FOURCORNE345_TEPC-APND,0.0,0.0,0.0,0.0,96
AZPS_FOURCORNE500_AZPS-APND,0.0,0.0,0.0,0.0,96
AZPS_FOURCORNE500_TEPC-APND,0.0,0.0,0.0,0.0,96
AZPS_GILA69-APND,0.0,0.0,0.0,0.0,96
AZPS_GILARIVER500-APND,0.0,0.0,0.0,0.0,96
AZPS_JOJOBA500-APND,0.0,0.0,0.0,0.0,96
AZPS_KNOX230-APND,0.0,0.0,0.0,0.0,96
AZPS_KYRENE230-APND,0.0,0.0,0.0,0.0,96
AZPS_LIBERTY230-APND,0.0,0.0,0.0,0.0,96
AZPS_MEAD5MSCHD-APND,0.0,0.0,0.0,0.0,96
AZPS_NAVAJO-APND,0.0,0.0,0.0,0.0,96
AZPS_NECLOAD-APND,0.0,0.0,0.0,0.0,96
AZPS_NRTHGILA69-APND,0.0,0.0,0.0,0.0,96
AZPS_ORACLE115-APND,0.0,0.0,0.0,0.0,96
AZPS_PALOVERDE500-APND,0.0,0.0,0.0,0.0,96
AZPS_PALOVERDE500_EPE-APND,0.0,0.0,0.0,0.0,96
AZPS_PANDA230-APND,0.0,0.0,0.0,0.0,96
AZPS_PARKER230-APND,0.0,0.0,0.0,0.0,96
AZPS_PINPKAPS230_SRP-APND,0.0,0.0,0.0,0.0,96
AZPS_PINPKAPS230_WALC-APND,0.0,0.0,0.0,0.0,96
AZPS_PINPKSRP230_SRP-APND,0.0,0.0,0.0,0.0,96
AZPS_PINT-APND,0.0,0.0,0.0,0.0,96
AZPS_PNPKWALC230-APND,0.0,0.0,0.0,0.0,96
AZPS_RACEWAY230-APND,0.0,0.0,0.0,0.0,96
AZPS_RUDD230-APND,0.0,0.0,0.0,0.0,96
AZPS_SADLBROKRNCH-APND,0.0,0.0,0.0,0.0,96
AZPS_SAGUARO115-APND,0.0,0.0,0.0,0.0,96
AZPS_SAGUARO500-APND,0.0,0.0,0.0,0.0,96
AZPS_SANTAROSA230-APND,0.0,0.0,0.0,0.0,96
AZPS_SUGARLOAF500-APND,0.0,0.0,0.0,0.0,96
AZPS_SUNDANCE-APND,0.0,0.0,0.0,0.0,96
AZPS_SUNVALLEY230-APND,0.0,0.0,0.0,0.0,96
AZPS_SWAZSYS-APND,0.0,0.0,0.0,0.0,96
AZPS_TESTTRACK230-APND,0.0,0.0,0.0,0.0,96
AZPS_WALC.SYS-APND,0.0,0.0,0.0,0.0,96
AZPS_WESTWING230_SRP-APND,0.0,0.0,0.0,0.0,96
AZPS_WESTWING230_WALC-APND,0.0,0.0,0.0,0.0,96
AZPS_WESTWING500_SRP-APND,0.0,0.0,0.0,0.0,96
AZPS_WESTWING500_TEPC-APND,0.0,0.0,0.0,0.0,96
AZPS_WESTWING500_WALC-APND,0.0,0.0,0.0,0.0,96
BANC_CAPTAINJACK-APND,0.0,0.0,0.0,0.0,96
BANC_WESTLEY-APND,0.0,0.0,0.0,0.0,96
BCHA_5_PWXAPR-APND,0.0,0.0,0.0,0.0,96
BCHA_5_PWXAVR-APND,0.0,0.0,0.0,0.0,96
BCHA_5_PWXNPR1-APND,0.0,0.0,0.0,0.0,96
BCHA_5_PWXNPR2-APND,0.0,0.0,0.0,0.0,96
BCHA_5_PWXNPR3-APND,0.0,0.0,0.0,0.0,96
BCHA_5_PWXNPR4-APND,0.0,0.0,0.0,0.0,96
BCHA_5_PWXNPR5-APND,0.0,0.0,0.0,0.0,96
BCHA_5_PWXNPR6-APND,0.0,0.0,0.0,0.0,96
BCHA_5_PWXNPR7-APND,0.0,0.0,0.0,0.0,96
BCHA_5_PWXNPR8-APND,0.0,0.0,0.0,0.0,96
BCHA_BC.US.BORDER-APND,0.0,0.0,0.0,0.0,96
BCHA_BCUS.BORDER-APND,0.0,0.0,0.0,0.0,96
BCNPPS1_2_BATTERY-APND,0.0,0.0,0.0,0.0,96
BCNPPS1_2_SOLAR-APND,0.0,0.0,0.0,0.0,96
BCNPPS2_2_SOLAR-APND,0.0,0.0,0.0,0.0,96
BCNPPS3_2_SOLAR-APND,0.0,0.0,0.0,0.0,96
BCNPPS4_2_SOLAR-APND,0.0,0.0,0.0,0.0,96
BCNPPS5_2_SOLAR-APND,0.0,0.0,0.0,0.0,96
BIGCRK_2_EXESWD-APND,-4.889854583333333,11.61057219342893,-15.50924,0.0,96
BLKCRK_2_GMCBT1-APND,-6.508996354166666,17.15193820233443,-10.683530000000001,0.0,96
BLKCRK_2_SOLAR1-APND,-6.508996354166666,17.151938202334428,-10.683530000000001,0.0,96
BLK_EGL_7_BEGL-APND,0.0,0.0,0.0,0.0,96
BLM_2_UNITS-APND,-4.804141041666667,10.404609845064526,-11.633565,0.0,96
BOKS_1_SOLAR-APND,0.0,0.0,0.0,0.0,96
BOX_CNYN_1_GEN_TOTAL-APND,0.0,0.0,0.0,0.0,96
BPAT_AVA.BPAT-APND,0.0,0.0,0.0,0.0,96
BPAT_BC.US.BORDER-APND,0.0,0.0,0.0,0.0,96
BPAT_BOUNDARY-APND,0.0,0.0,0.0,0.0,96
BPAT_BPAT.AVRN-APND,0.0,0.0,0.0,0.0,96
BPAT_BPAT.NWMT-APND,0.0,0.0,0.0,0.0,96
BPAT_BPAT.PACW-APND,0.0,0.0,0.0,0.0,96
BPAT_BPAT.PGE-APND,0.0,0.0,0.0,0.0,96
BPAT_BPAT.PSEI-APND,0.0,0.0,0.0,0.0,96
BPAT_BPAT.SCL-APND,0.0,0.0,0.0,0.0,96
BPAT_BPAT.TPU-APND,0.0,0.0,0.0,0.0,96
BPAT_CAPTAINJACK-APND,0.0,0.0,0.0,0.0,96
BPAT_COBH-APND,0.0,0.0,0.0,0.0,96
BPAT_COYSPR2-APND,0.0,0.0,0.0,0.0,96
BPAT_GARRISON-APND,0.0,0.0,0.0,0.0,96
BPAT_GRIZZLY-APND,0.0,0.0,0.0,0.0,96
BPAT_HILLTOP345-APND,0.0,0.0,0.0,0.0,96
BPAT_JOHNDAY-APND,0.0,0.0,0.0,0.0,96
BPAT_KFALLSGEN-APND,0.0,0.0,0.0,0.0,96
BPAT_KFALLSGEN.AVRN-APND,0.0,0.0,0.0,0.0,96
BPAT_LAGRANDE-APND,0.0,0.0,0.0,0.0,96
BPAT_MALIN-APND,0.0,0.0,0.0,0.0,96
BPAT_MALIN230-APND,0.0,0.0,0.0,0.0,96
BPAT_MCNARY-APND,0.0,0.0,0.0,0.0,96
BPAT_MIDCREMOTE-APND,0.0,0.0,0.0,0.0,96
BPAT_MINTFARM-APND,0.0,0.0,0.0,0.0,96
BPAT_MSS_COLUMB-APND,0.0,0.0,0.0,0.0,96
BPAT_MSS_KLICK-APND,0.0,0.0,0.0,0.0,96
BPAT_MSS_WASCO-APND,0.0,0.0,0.0,0.0,96
BPAT_NOB.LDWP-APND,0.0,0.0,0.0,0.0,96
BPAT_POPD-APND,0.0,0.0,0.0,0.0,96
BRODIE_2_WIND-APND,-5.804293958333333,11.777282337515237,-16.420365,0.0,96
BRP1_2_BEAVER1-7-APND,0.0,0.0,0.0,0.0,96
BSPO_1_TOT_GEN-APND,0.0,0.0,0.0,0.0,96
BST_1_17900_ANT_BST-APND,0.0,0.0,0.0,0.0,96
BUCKBL_2_PL1X3-APND,-3.7888163541666664,8.359959027511929,-9.703125,0.0,96
BUCKCK_7_PL1X2-APND,5.102540104166667,20.17848565432628,-10.67922,21.928455,96
BZ_7_STZ-TRPG-APND,0.0,0.0,0.0,0.0,96
CALGEN_1_UNITS-APND,-12.266014375,39.862464437093855,-27.52033,0.235615,96
CAMCHE_1_PL1X3-APND,7.960023437499999,16.917523410317163,-0.636875,23.310375,96
CANFERRY_1_CYFY-APND,0.0,0.0,0.0,0.0,96
CARBOU_7_PL2X3-APND,7.573913958333333,17.38578588124978,-1.8374700000000002,21.314055,96
CARBOU_7_PL4X5-APND,8.146135416666667,17.445716961480677,-0.06659000000000001,21.53297,96
CARLS1_2_CARCT1-APND,-4.175179166666667,10.414193770511845,-11.287165,0.0,96
CAR_1_CARMEN_S_PLANT-APND,0.0,0.0,0.0,0.0,96
CDPO_6_TOT_GEN-APND,0.0,0.0,0.0,0.0,96
CDR_1_CHANDLER_PLANT-APND,0.0,0.0,0.0,0.0,96
CDWR07_2_GEN-APND,-5.9522047916666665,10.341777398813234,-16.597575,0.0,96
CEDARFLS_1_AGGGEN-APND,0.0,0.0,0.0,0.0,96
CENTPD_2_BMSSX2-APND,-6.508996354166666,17.15193820233443,-10.683530000000001,0.0,96
CENTPD_2_BMSX2-APND,-6.508996354166666,17.15193820233443,-10.683530000000001,0.0,96
CENTRY_6_PL1X4-APND,-4.233834270833333,9.388903318821328,-11.65864,0.0,96
CGAP_CHPD_MIDC-APND,6.1064533333333335,13.955045752529552,-0.03735,16.045645,96
CGAP_DOPD_MIDC-APND,6.103030104166667,13.945393591493666,-0.03735,16.045645,96
CGAP_GCPD_MIDC-APND,6.154702812499999,14.064234532067182,-0.03735,16.097115000000002,96
CGR_1_COUGAR_PLANT-APND,0.0,0.0,0.0,0.0,96
CHESTN_2_CHWBX2-APND,-2.5976025,11.28144151668637,-16.80944,1.139665,96
CHESTN_2_CHWSX2-APND,-2.5976025000000003,11.281441516686362,-16.80944,1.139665,96
CIG_6_PL-APND,0.0,0.0,0.0,0.0,96
CLAP_AEPCO-APND,0.0,0.0,0.0,0.0,96
CLAP_BANCMID-APND,0.0,0.0,0.0,0.0,96
CLAP_BANCRDNG-APND,0.0,0.0,0.0,0.0,96
CLAP_BANCRSVL-APND,0.0,0.0,0.0,0.0,96
CLAP_BANCSMUD-APND,0.0,0.0,0.0,0.0,96
CLAP_BANCWASN-APND,0.0,0.0,0.0,0.0,96
CLAP_BANKPP-APND,6.976302708333333,18.082344039790193,0.0,22.98634,96
CLAP_BART-APND,9.697745416666667,18.121547284991212,0.0,29.444565,96
CLAP_BUNDLD-APND,-4.1586203125,10.623049338585211,-11.240735,0.33347,96
CLAP_CDWR07-APND,-5.9522047916666665,10.341777398813232,-16.597575,0.0,96
CLAP_CMS1-APND,-4.38363875,9.819208950372976,-10.008379999999999,0.0,96
CLAP_CMS2-APND,-4.38363875,9.819208950372973,-10.008379999999999,0.0,96
CLAP_CMS4-APND,-4.38363875,9.81920895037297,-10.008379999999999,0.0,96
CLAP_CPVERD-APND,-4.651452395833333,10.47588755351377,-10.776399999999999,0.0,96
CLAP_CRMBT1-APND,-20.195722083333333,30.35704291529096,-72.239502,0.0,24
CLAP_CRMBT2-APND,-20.195722083333333,30.35704291529096,-72.239502,0.0,24
CLAP_CSLR4S-APND,-4.651452395833333,10.475887553513767,-10.776399999999999,0.0,96
CLAP_DAC-APND,-4.1696334375,10.61936048049092,-11.194305,0.33347,96
CLAP_DIABLO-APND,-3.816252604166667,8.277389064986775,-9.224775000000001,0.0,96
CLAP_DOSMGO-APND,-3.4541267708333336,20.144997154731648,-27.786695,14.939070000000001,96
CLAP_DREWSR-APND,-4.846376041666667,10.49832516124894,-11.041889999999999,0.0,96
CLAP_EAGLEMTN-APND,-3.861602604166667,8.480768317549913,-10.751325000000001,0.0,96
CLAP_EDMONS-APND,-4.848738541666667,11.537220576898973,-15.032540000000001,0.0,96
CLAP_ENERSJ-APND,-4.454308229166666,10.525808017571109,-10.869265,0.0,96
CLAP_ESJWD2-APND,-4.454308229166666,10.525808017571109,-10.869265,0.0,96
CLAP_GARLND-APND,-5.867137916666667,11.873168137054675,-17.874145,0.0,96
CLAP_GENE_INTAKE-APND,-4.434778541666667,10.048041309484622,-10.033455,0.0,96
CLAP_GW2BT1-APND,-5.867137916666667,11.873168137054678,-17.874145,0.0,96
CLAP_HWP1-APND,10.007353437499999,18.623966670722563,0.0,35.805814999999996,96
CLAP_HWP2-APND,7.3778162499999995,13.985783095068047,0.0,23.453985,96
CLAP_HYTTHM-APND,8.2239190625,17.63829626839718,-0.06659000000000001,21.700305,96
CLAP_IRONMTN-APND,-4.0151640625,8.80480011881971,-10.519155000000001,0.0,96
CLAP_IVSLR2-APND,-4.846376041666667,10.498325161248943,-11.041889999999999,0.0,96
CLAP_IVSLRP-APND,-4.651452395833333,10.475887553513768,-10.776399999999999,0.0,96
CLAP_IVWEST-APND,-4.846376041666667,10.49832516124894,-11.041889999999999,0.0,96
CLAP_JHINDS-APND,-3.789633125,8.361195097831827,-9.703125,0.0,96
CLAP_LARKSP-APND,-3.646250208333333,11.152265113645841,-9.71223,1.613685,96
CLAP_LAROA2-APND,-4.846376041666667,10.498325161248943,-11.041889999999999,0.0,96
CLAP_LMEC-APND,9.526125,18.203216776670164,0.0,28.6266,96
CLAP_MRCHNT-APND,-4.38363875,9.819208950372973,-10.008379999999999,0.0,96
CLAP_MSLD67-APND,7.5771592708333335,13.679096278740843,0.0,34.878805,96
CLAP_OCTILO-APND,-4.4606320833333335,10.523718645335446,-10.82283,0.0,96
CLAP_OGROVE-APND,-4.1760640625,10.487566664280996,-11.240735,0.0,96
CLAP_OSO-APND,-4.783999791666667,11.446099055115672,-13.925080000000001,0.0,96
CLAP_PEARBL-APND,-5.422603958333333,11.372551583612323,-15.555674999999999,0.0,96
CLAP_PLUMAS-APND,8.750616041666666,15.390486083275876,0.0,26.161635,96
CLAP_PRIMM-APND,-4.391257708333334,9.841930108099675,-10.008379999999999,0.0,96
CLAP_SANCLA-APND,9.534208125,16.932723535525884,0.0,32.103030000000004,96
CLAP_SOTP-APND,0.0,0.0,0.0,0.0,96
CLAP_SRMSR1-APND,-4.846376041666667,10.498325161248943,-11.041889999999999,0.0,96
CLAP_TERMEX-APND,-4.846376041666667,10.49832516124894,-11.041889999999999,0.0,96
CLAP_TRNQLT-APND,-3.2799720833333335,19.010116926399615,-22.592005,10.812045000000001,96
CLAP_WALC-APND,0.0,0.0,0.0,0.0,96
CLAP_WISTRA-APND,-4.846376041666667,10.498325161248943,-11.041889999999999,0.0,96
CLAP_WWRSR1-APND,0.0,0.0,0.0,0.0,96
CLARK_7_UNITS 11-14-APND,0.0,0.0,0.0,0.0,96
CLARK_7_UNITS 15-18-APND,0.0,0.0,0.0,0.0,96
CLARK_7_UNITS 19-22-APND,0.0,0.0,0.0,0.0,96
CLARK_7_UNITS 5-6 10-APND,0.0,0.0,0.0,0.0,96
CLARK_7_UNITS 7-9-APND,0.0,0.0,0.0,0.0,96
CLEARWTR_1_GEN_TOTAL-APND,0.0,0.0,0.0,0.0,96
CLEARWTR_1_NCL-APND,0.0,0.0,0.0,0.0,96
CLINESCO_3_ELCABOWF-APND,0.0,0.0,0.0,0.0,96
CMC_7_ALIGNEDDC-APND,0.0,0.0,0.0,0.0,96
CMS3PP_5_SOLAR-APND,0.0,0.0,0.0,0.0,96
COLUSA_2_PL1X3-APND,7.817216458333333,18.1971997318109,-3.14471,21.52581,96
COLVIL_7_PL1X2-APND,8.233645416666667,16.55757926671249,0.0,23.397365,96
CORONS_6_CLRWTR-APND,-4.5636640625,10.155744390429598,-11.751505,0.0,96
COVE_1_GEO-APND,0.0,0.0,0.0,0.0,96
COYOTESP_5_GEN_CC-APND,0.0,0.0,0.0,0.0,96
CPG_2_BLKA-APND,0.0,0.0,0.0,0.0,96
CPG_2_BLKB-APND,0.0,0.0,0.0,0.0,96
CPG_2_BLKC-APND,0.0,0.0,0.0,0.0,96
CPP_2_PL-APND,0.0,0.0,0.0,0.0,96
CPXG_6_SOLAR-APND,0.0,0.0,0.0,0.0,96
CRESTA_7_PL1X2-APND,5.102540104166667,20.17848565432628,-10.67922,21.928455,96
CROOKEDF_1_CFALLS-APND,0.0,0.0,0.0,0.0,96
CSF_1_HIGHLNDS_PLANT-APND,0.0,0.0,0.0,0.0,96
CSG_2_PL-APND,0.0,0.0,0.0,0.0,96
CSP1_5_COYOTE1-APND,0.0,0.0,0.0,0.0,96
CUSHMAN_7_GEN-APND,0.0,0.0,0.0,0.0,96
CWP_1_CONDWIND_PLANT-APND,0.0,0.0,0.0,0.0,96
CYP1_5_CARTY1-APND,0.0,0.0,0.0,0.0,96
CZF_2_COWFALLS_PLANT-APND,0.0,0.0,0.0,0.0,96
DAVIS_2_HYDR-APND,0.0,0.0,0.0,0.0,96
DBN_2_BLK1-APND,0.0,0.0,0.0,0.0,96
DC_ADLNTO-APND,-4.841664791666667,10.306771640722426,-11.519335,0.0,96
DC_ADLNTO_BURB-APND,-4.841664791666667,10.306771640722422,-11.519335,0.0,96
DC_ADLNTO_GLEN-APND,-4.841664791666667,10.30677164072242,-11.519335,0.0,96
DC_ADLNTO_LADWP-APND,-4.841664791666667,10.306771640722422,-11.519335,0.0,96
DC_CELILO-APND,6.570900937499999,14.654035157769597,-0.03735,16.577489999999997,96
DC_CELILO_BURB-APND,6.570900937499999,14.654035157769604,-0.03735,16.577489999999997,96
DC_CELILO_GLEN-APND,6.570900937499999,14.654035157769597,-0.03735,16.577489999999997,96
DC_CELILO_LADWP-APND,6.570900937499999,14.654035157769597,-0.03735,16.577489999999997,96
DC_INTMNT-APND,-0.6321014583333333,2.0123181759793347,-2.7115,0.219315,96
DC_INTMTN_BURB-APND,-0.6321014583333333,2.012318175979335,-2.7115,0.219315,96
DC_INTMTN_GLEN-APND,-0.6321014583333333,2.0123181759793356,-2.7115,0.219315,96
DC_INTMTN_LADWP-APND,-0.6321014583333333,2.0123181759793343,-2.7115,0.219315,96
DC_SYLMAR-APND,-5.393468854166667,10.800437153450085,-13.244225,0.0,96
DC_SYLMAR_BURB-APND,-5.393415833333333,10.800384281171972,-13.24381,0.0,96
DC_SYLMAR_GLEN-APND,-5.393415833333333,10.800384281171974,-13.24381,0.0,96
DC_SYLMAR_LADWP-APND,-5.393415833333333,10.800384281171972,-13.24381,0.0,96
DELSUR_6_CREST-APND,-5.645958125,11.538681298959354,-16.291305,0.0,96
DELTA_2_PL1X4-APND,9.527801875,18.180104653875798,0.0,28.6266,96
DET_2_DETROIT_PLANT-APND,0.0,0.0,0.0,0.0,96
DGAP_AESO-APND,0.0,0.0,0.0,0.0,96
DGAP_AVA-APND,5.7438323958333335,13.237864215137835,-0.038595,15.359570000000001,96
DGAP_AVRN-APND,0.0,0.0,0.0,0.0,96
DGAP_AZPS-APND,-4.678795208333333,11.009397896678232,-9.776209999999999,0.0,96
DGAP_BANC-APND,0.0,0.0,0.0,0.0,96
DGAP_BCHA-APND,0.0,0.0,0.0,0.0,96
DGAP_BPAT-APND,6.3535296875,14.264479242230108,-0.03735,16.23067,96
DGAP_BURBANK-APND,-4.4506484375,9.136692664759272,-9.690115,0.0,96
DGAP_CEN-APND,0.0,0.0,0.0,0.0,96
DGAP_CHPD-APND,0.0,0.0,0.0,0.0,96
DGAP_CISO-APND,-1.4046888541666667,3.5447328530738087,-2.907535,0.0,96
DGAP_DEAA-APND,0.0,0.0,0.0,0.0,96
DGAP_DOPD-APND,0.0,0.0,0.0,0.0,96
DGAP_EPE-APND,0.0,0.0,0.0,0.0,96
DGAP_GCPD-APND,6.154702812500001,14.064234532067177,-0.03735,16.097115000000002,96
DGAP_GLENDALE-APND,-4.666584687499999,9.312907612095664,-10.625554999999999,0.0,96
DGAP_GRID-APND,0.0,0.0,0.0,0.0,96
DGAP_GRIF-APND,0.0,0.0,0.0,0.0,96
DGAP_GWA-APND,0.0,0.0,0.0,0.0,96
DGAP_HGMA-APND,0.0,0.0,0.0,0.0,96
DGAP_IID-APND,0.0,0.0,0.0,0.0,96
DGAP_IPCO-APND,2.713076979166667,7.2839299731921185,-0.10122,8.387,96
DGAP_LADWP-APND,0.0,0.0,0.0,0.0,96
DGAP_NEVP-APND,-2.410795,5.31949862149729,-5.62282,0.0,96
DGAP_NWMT-APND,5.049959583333334,11.589282137873127,-0.041085,13.645520000000001,96
DGAP_PGE-APND,6.2678107291666665,14.115253426369291,-0.038595,16.137259999999998,96
DGAP_PNM-APND,0.0,0.0,0.0,0.0,96
DGAP_PSCO-APND,0.0,0.0,0.0,0.0,96
DGAP_PSEI-APND,5.9430281250000005,13.584364172535718,-0.038595,15.650945,96
DGAP_SCL-APND,5.9594275,13.615549217957506,-0.038595,15.88774,96
DGAP_SPP-APND,0.0,0.0,0.0,0.0,96
DGAP_SRP-APND,-4.462366666666667,10.27792080182447,-9.754850000000001,0.0,96
DGAP_TEPC-APND,0.0,0.0,0.0,0.0,96
DGAP_TIDC-APND,0.0,0.0,0.0,0.0,96
DGAP_TPWR-APND,6.3683120833333335,14.277503838993033,-0.03735,16.231495000000002,96
DGAP_WACM-APND,-0.49454072916666664,2.125079511077791,-1.8420450000000002,0.25980000000000003,96
DGAP_WALC-APND,0.0,0.0,0.0,0.0,96
DGAP_WAUW-APND,0.0,0.0,0.0,0.0,96
DGAP_WWA-APND,0.0,0.0,0.0,0.0,96
DLAP_PGAE-APND,7.396849479166666,13.384475739510297,-0.27198999999999995,24.9493,96
DLAP_SCE-APND,-5.940808229166667,11.317917852496402,-19.136935,0.14787499999999998,96
DLAP_SDGE-APND,-5.4184403125,11.034583523603983,-17.760345,0.777755,96
DLAP_VEA-APND,6.0378309375,57.63537368719202,-28.287505,0.19105,96
DMDVLY_1_UNITS-APND,-9.097450520833332,26.191068728411995,-11.519335,0.0,96
DREWS_6_PL1X4-APND,-4.233834270833333,9.388903318821331,-11.65864,0.0,96
DRUM_7_PL1X2-APND,26.80804177083333,56.012656232475926,0.0,56.130030000000005,96
DRUM_7_PL3X4-APND,26.80804177083333,56.0126562324759,0.0,56.130030000000005,96
DRYE_6_WIND-APND,0.0,0.0,0.0,0.0,96
DRYW_6_WIND-APND,0.0,0.0,0.0,0.0,96
DSN_7_FHS_BESS-APND,0.0,0.0,0.0,0.0,96
DSRTSL_2_SOLAR1-APND,-4.391492604166666,9.84133157127025,-10.008379999999999,0.0,96
DSRTSN_2_DS2BX2-APND,-1.9654905555555555,3.303929501857988,-6.729223999999999,0.0,72
DSRTSN_2_DS2X2-APND,-6.803526875,18.202415831986606,-10.797754999999999,0.0,96
DSRTSN_2_SOLAR1-APND,-7.3169621875,18.51386103803715,-19.47312,0.0,96
DSRTSN_2_SOLAR2-APND,-7.3169621875,18.51386103803715,-19.47312,0.0,96
DUANE_1_PL1X3-APND,9.523512916666666,16.90270838727102,0.0,32.097229999999996,96
DVLCYN_1_UNITS-APND,-4.233834270833333,9.38890331882133,-11.65864,0.0,96
DWR_5_DWORSHAK_PLANT-APND,0.0,0.0,0.0,0.0,96
ELAND1_2_HYBRID-APND,0.0,0.0,0.0,0.0,48
ELAP_AVA-APND,0.0,0.0,0.0,0.0,96
ELAP_AVRN-APND,0.0,0.0,0.0,0.0,96
ELAP_AZPS-APND,0.0,0.0,0.0,0.0,96
ELAP_BANC-APND,0.0,0.0,0.0,0.0,96
ELAP_BCHA-APND,0.0,0.0,0.0,0.0,96
ELAP_BPAT-APND,0.0,0.0,0.0,0.0,96
ELAP_EPE-APND,0.0,0.0,0.0,0.0,96
ELAP_IPCO-APND,0.0,0.0,0.0,0.0,96
ELAP_LADWP-APND,0.0,0.0,0.0,0.0,96
ELAP_NEVP-APND,0.0,0.0,0.0,0.0,96
ELAP_NWMT-APND,0.0,0.0,0.0,0.0,96
ELAP_PGE-APND,0.0,0.0,0.0,0.0,96
ELAP_PNM-APND,0.0,0.0,0.0,0.0,96
ELAP_PSEI-APND,0.0,0.0,0.0,0.0,96
ELAP_SCL-APND,0.0,0.0,0.0,0.0,96
ELAP_SRP-APND,0.0,0.0,0.0,0.0,96
ELAP_TEPC-APND,0.0,0.0,0.0,0.0,96
ELAP_TIDC-APND,0.0,0.0,0.0,0.0,96
ELAP_TPWR-APND,0.0,0.0,0.0,0.0,96
ELAP_WALC-APND,0.0,0.0,0.0,0.0,96
ELECTR_7_PL1X3-APND,8.233645416666667,16.557579266712484,0.0,23.397365,96
ELKHIL_2_PL1X3-APND,-5.9522047916666665,10.34177739881323,-16.597575,0.0,96
ELKHRN_1_EESX3-APND,9.786296875,16.841721133928605,0.0,38.467925,96
ELSEGN_2_UN1011-APND,-3.77423625,12.444164125717153,-14.90899,0.0,96
ELSEGN_2_UN2021-APND,-3.77423625,12.444164125717153,-14.90899,0.0,96
EPE_AFTON345_EPE-APND,0.0,0.0,0.0,0.0,96
EPE_AIRPORT115_EPE-APND,0.0,0.0,0.0,0.0,96
EPE_AMRAD115_EPE-APND,0.0,0.0,0.0,0.0,96
EPE_GREENLEE_EPE-APND,0.0,0.0,0.0,0.0,96
EPE_HIDALGO345_EPE-APND,0.0,0.0,0.0,0.0,96
EPE_LASCRCS115_EPE-APND,0.0,0.0,0.0,0.0,96
EPE_LUNA345_EPE-APND,0.0,0.0,0.0,0.0,96
EPE_MACHOSPRNG345-APND,0.0,0.0,0.0,0.0,96
EPE_OROGRANDE115_EPE-APND,0.0,0.0,0.0,0.0,96
EPE_OSOGRANDE-APND,0.0,0.0,0.0,0.0,96
EPE_PALOVERDE500_EPE-APND,0.0,0.0,0.0,0.0,96
EPE_PICACHO115_EPE-APND,0.0,0.0,0.0,0.0,96
EPE_SPRINGER_EPE-APND,0.0,0.0,0.0,0.0,96
EPE_WM345_EPE-APND,0.0,0.0,0.0,0.0,96
ESR_1_UNITS-APND,0.0,0.0,0.0,0.0,96
FER_1_UNITS-APND,0.0,0.0,0.0,0.0,96
FH_7_FT_HUACH_SOLR-APND,0.0,0.0,0.0,0.0,96
FILIPPI_2_QZSBTX-APND,-1.1181952083333333,1.9136603149962232,-4.3827430000000005,0.0,48
FILIPPI_2_QZSSRX-APND,-1.1181952083333333,1.9136603149962232,-4.3827430000000005,0.0,48
FOLSOM_7_UNITS-APND,0.0,0.0,0.0,0.0,96
FOS_1_FOSTER_PLANT-APND,0.0,0.0,0.0,0.0,96
FRFLD_WD_6_AGG-APND,0.0,0.0,0.0,0.0,96
GATWAY_2_PL1X3-APND,9.4271853125,18.35021819424964,0.0,27.385379999999998,96
GENESI_2_STG-APND,-6.508996354166666,17.151938202334428,-10.683530000000001,0.0,96
GHE_2_GRAYS_H_PLANT-APND,0.0,0.0,0.0,0.0,96
GILROY_1_UNIT-APND,9.132861145833333,15.691907205420176,0.0,31.26092,96
GILRPP_1_PL1X2-APND,9.132861145833333,15.691907205420177,0.0,31.26092,96
GLD_2_UNITS-APND,0.0,0.0,0.0,0.0,96
GLRV_5_BLK1-APND,0.0,0.0,0.0,0.0,96
GLRV_5_BLK4-APND,0.0,0.0,0.0,0.0,96
GL_2_MWE-APND,0.0,0.0,0.0,0.0,96
GORGE_2_AGGGEN-APND,0.0,0.0,0.0,0.0,96
GPR_1_GRN_PETE_PLANT-APND,0.0,0.0,0.0,0.0,96
GPS_1_GOOSE_PR_PLANT-APND,0.0,0.0,0.0,0.0,48
GRIFFITH_ASR-APND,0.0,0.0,0.0,0.0,96
GRNLF1_1_PL1X2-APND,16.360633229166666,32.7650093488067,-1.264685,51.442735,96
GR_5_GILA_RIVER_2-APND,0.0,0.0,0.0,0.0,96
GR_5_GILA_RIVER_3-APND,0.0,0.0,0.0,0.0,96
GWFPWR_1_UNITS-APND,-2.887063229166667,12.388610227417292,-16.364355,3.0058,96
GYS5X6_7_UNITS-APND,9.350538854166667,25.02461997475206,-10.524645,34.679565,96
GYS7X8_7_UNITS-APND,9.377675104166666,24.980341786282477,-10.38616,34.679565,96
H ALLEN_7_UNIT 3-4-APND,0.0,0.0,0.0,0.0,96
HAASPH_7_PL1X2-APND,-2.199439791666667,13.569691666681456,-16.523355,7.767835,96
HACC_7_UNITS 5-7-APND,0.0,0.0,0.0,0.0,96
HARBGN_7_UNITS-APND,-3.502591666666667,13.00305350141506,-14.887629999999998,0.0,96
HARGS_1_CC_1_2_5-APND,0.0,0.0,0.0,0.0,96
HAS_7_HAVASU_SOLAR-APND,0.0,0.0,0.0,0.0,96
HAVASU_2_CAPAGPUMPS-APND,0.0,0.0,0.0,0.0,96
HAYGS_2_CC8_9_10-APND,0.0,0.0,0.0,0.0,96
HBW_2_SHEPDSSC_PLANT-APND,0.0,0.0,0.0,0.0,96
HCPR_2_TOT_GEN-APND,0.0,0.0,0.0,0.0,96
HCR_1_HILLS_CR_PLANT-APND,0.0,0.0,0.0,0.0,96
HENRTA_6_ELCBX2-APND,-8.031145833333333,13.548933080078399,-27.87688,1.240146,24
HGH_2_HUNGRY_H_PLANT-APND,0.0,0.0,0.0,0.0,96
HICKMAN_7_PLANT-APND,0.0,0.0,0.0,0.0,96
HIDSRT_2_UNITS-APND,-4.81880375,10.477523896191185,-11.65864,0.0,96
HIGGINS_7_UNITS-APND,0.0,0.0,0.0,0.0,96
HMJ_1_JACKSN_PLANT-APND,0.0,0.0,0.0,0.0,96
HNTGBH_2_PL1X3-APND,-4.27513625,11.00055741989012,-11.8193,0.0,96
HOLTER_1_HLTR-APND,0.0,0.0,0.0,0.0,96
HRW_1_HOPKRIDG_PLANT-APND,0.0,0.0,0.0,0.0,96
HUMBPP_6_UNITS-APND,8.729212708333334,19.669785331447535,0.0,21.943379999999998,96
HWP_2_WHITECRK_PLANT-APND,0.0,0.0,0.0,0.0,96
HYTTHM_2_UNITS-APND,8.2239190625,17.638296268397184,-0.06659000000000001,21.700305,96
INTGS_3_PP-APND,0.0,0.0,0.0,0.0,96
INTKEP_2_UNITS-APND,7.838624374999999,14.634381776220202,0.0,24.60369,96
IPCO_BORA-APND,0.0,0.0,0.0,0.0,96
IPCO_BPAT.PSEI-APND,0.0,0.0,0.0,0.0,96
IPCO_GSHN-APND,0.0,0.0,0.0,0.0,96
IPCO_HMWY-APND,0.0,0.0,0.0,0.0,96
IPCO_HURR-APND,0.0,0.0,0.0,0.0,96
IPCO_JBSN-APND,0.0,0.0,0.0,0.0,96
IPCO_LAGRANDE-APND,0.0,0.0,0.0,0.0,96
IPCO_LOLO-APND,0.0,0.0,0.0,0.0,96
IPCO_M345-APND,0.0,0.0,0.0,0.0,96
IPCO_PTSN-APND,0.0,0.0,0.0,0.0,96
IPCO_SCLLAGRANDEIPC-APND,0.0,0.0,0.0,0.0,96
IPCO_TENDOY-APND,0.0,0.0,0.0,0.0,96
IPCO_WALLAWALLA-APND,0.0,0.0,0.0,0.0,96
IVWEST_2_SOLAR1-APND,-4.651452395833333,10.475887553513772,-10.776399999999999,0.0,96
JOA_5_SON_HYBRID-APND,-4.186437395833333,11.133265542193076,-10.033455,0.0,96
KAISER_7_NCL-APND,0.0,0.0,0.0,0.0,96
KELSO_2_UNITS-APND,9.01982625,18.328756817337542,0.0,24.446945,96
KERR_1_SKQ-APND,0.0,0.0,0.0,0.0,96
KLAMB_BP_5_CC-APND,0.0,0.0,0.0,0.0,96
KLAMB_BP_5_PEAKER-APND,1.5028057291666668,4.43406664962389,0.0,3.83358,96
KLNDSCHL_2_K3-APND,0.0,0.0,0.0,0.0,96
KRAMER_1_R1BX3-APND,-4.370548229166666,10.593000634182232,-10.807275,0.0,96
KRAMER_1_R1PX3-APND,-4.370548229166666,10.59300063418223,-10.807275,0.0,96
KRAMER_1_R2BX2-APND,-4.370548229166666,10.593000634182236,-10.807275,0.0,96
KRAMER_1_R2PX2-APND,-4.370548229166666,10.593000634182234,-10.807275,0.0,96
KY_6_BLK7-APND,0.0,0.0,0.0,0.0,96
LADWP_APEX_NEVP-APND,0.0,0.0,0.0,0.0,96
LADWP_CRYSTAL500-APND,0.0,0.0,0.0,0.0,96
LADWP_GON.IPP-APND,0.0,0.0,0.0,0.0,96
LADWP_IPP.ACES-APND,0.0,0.0,0.0,0.0,96
LADWP_MCC230.LDWP-APND,0.0,0.0,0.0,0.0,96
LADWP_MCCULLOUG230-APND,0.0,0.0,0.0,0.0,96
LADWP_MEAD230.LDWP-APND,0.0,0.0,0.0,0.0,96
LADWP_MPAC-APND,0.0,0.0,0.0,0.0,96
LADWP_MRKTPLACE.LDWP-APND,0.0,0.0,0.0,0.0,96
LADWP_NAVAJO-APND,0.0,0.0,0.0,0.0,96
LADWP_NOB.LDWP-APND,0.0,0.0,0.0,0.0,96
LAGRANDE_7_GEN1_4-APND,0.0,0.0,0.0,0.0,96
LAGRANGE_6_PLANT-APND,0.0,0.0,0.0,0.0,96
LANCASTR_2_GEN_CC-APND,0.0,0.0,0.0,0.0,96
LAROA2_2_UNITA1-APND,-4.846376041666667,10.49832516124894,-11.041889999999999,0.0,96
LBG_6_LEABURG_PLANT-APND,0.0,0.0,0.0,0.0,96
LEANJUN2_2_LJ2-APND,0.0,0.0,0.0,0.0,96
LEBECS_2_UNITS-APND,-4.848738541666667,11.537220576898974,-15.032540000000001,0.0,96
LECEF_1_UNITS-APND,9.510613229166667,16.954497280540895,0.0,32.110344999999995,96
LENZIE_7_UNITS PB1-APND,0.0,0.0,0.0,0.0,96
LENZIE_7_UNITS PB2-APND,0.0,0.0,0.0,0.0,96
LGPR_2_G011_G012-APND,0.0,0.0,0.0,0.0,96
LIB_2_LIBBY_PLANT-APND,0.0,0.0,0.0,0.0,96
LMEC_1_PL1X3-APND,9.526125,18.203216776670168,0.0,28.6266,96
LODIEC_2_PL1X2-APND,8.93288125,17.714638207524743,0.0,24.89979,96
LOP_1_LOOKOTPT_PLANT-APND,0.0,0.0,0.0,0.0,96
LOS_1_LSTCR_PH_PLANT-APND,0.0,0.0,0.0,0.0,96
LSPR_1_TOT_GEN-APND,0.0,0.0,0.0,0.0,96
LSW_2_PHALGLCH_PLANT-APND,0.0,0.0,0.0,0.0,96
LVCOGEN_1_UNITS PB2-3-APND,0.0,0.0,0.0,0.0,96
LVF_1_FIBRE89_PLANT-APND,0.0,0.0,0.0,0.0,96
LWRCOL_5_ABC_ORA-APND,0.0,0.0,0.0,0.0,96
LWRCOL_5_APR_ORA-APND,0.0,0.0,0.0,0.0,96
LWRCOL_5_BASE_ORA-APND,0.0,0.0,0.0,0.0,96
LWRCOL_5_CR-APND,0.0,0.0,0.0,0.0,96
LWRSNK_5_ABC_ORA-APND,0.0,0.0,0.0,0.0,96
LWRSNK_5_APR_ORA-APND,0.0,0.0,0.0,0.0,96
LWRSNK_5_BASE_ORA-APND,0.0,0.0,0.0,0.0,96
LWRSNK_5_CR-APND,0.0,0.0,0.0,0.0,96
LYPK_1_TOT_GEN-APND,0.0,0.0,0.0,0.0,96
MALAGA_1_ACDBX2-APND,-10.05209,17.489228946772528,-36.053156,2.4059399999999997,24
MALAGA_1_PL1X2-APND,-1.1704017708333334,12.982914083095766,-12.104254999999998,8.831735,96
MARVEL_2_MARBX2-APND,-3.4788260416666668,8.113654750978029,-9.2248,0.0,96
MCFLND_5_MBSBX2-APND,-2.6554508333333335,2.362274181214801,-5.320152,0.0,24
MCFLND_5_MSBBX2-APND,-4.814008645833334,10.810057010095314,-10.240549999999999,0.0,96
MCFLND_5_MSBSX2-APND,-4.814008645833334,10.810057010095312,-10.240549999999999,0.0,96
MDFKRL_2_PROJCT-APND,7.496109479166666,17.794537814120815,-4.78639,22.789165,96
MDF_7_MIDLFRK_PLANT-APND,0.0,0.0,0.0,0.0,96
MDPO_1_TOT_GEN-APND,0.0,0.0,0.0,0.0,96
MEE_5_BLK1-APND,0.0,0.0,0.0,0.0,96
MELONP_7_UNITS-APND,0.0,0.0,0.0,0.0,96
METEC_2_PL1X3-APND,8.50125,15.302612046140425,0.0,31.88007,96
MIDC_5_PGESHARE-APND,0.0,0.0,0.0,0.0,96
MIDC_7_CHPDPSESHARE-APND,0.0,0.0,0.0,0.0,96
MIDC_7_DOPDPGESHARE-APND,0.0,0.0,0.0,0.0,96
MIDC_7_GCPDPSESHARE-APND,0.0,0.0,0.0,0.0,96
MIDSUN_1_PL1X2-APND,-5.211558958333334,11.366729062857413,-16.597575,0.0,96
MIL1_3_WIND-APND,0.0,0.0,0.0,0.0,96
MIL2_3_WIND-APND,0.0,0.0,0.0,0.0,96
MLAP_ANHM-APND,-4.362511145833333,10.8388128245999,-11.8193,0.0,96
MLAP_NCPA-APND,9.9322090625,16.478352645685323,0.0,28.729265,96
MLAP_RVSD-APND,-4.233834270833333,9.388903318821333,-11.65864,0.0,96
MLAP_VERN-APND,-4.510801979166667,11.27838527984052,-14.955425,0.0,96
MLPR_1_TOT_GEN-APND,0.0,0.0,0.0,0.0,96
MOAPP_5_SOLAR-APND,0.0,0.0,0.0,0.0,96
MONTPH_7_UNITS-APND,11.900350416666667,19.035778188577975,0.0,32.85131,96
MOSSLD_2_PSP1-APND,9.786296875,16.841721133928605,0.0,38.467925,96
MOSSLD_2_PSP2-APND,9.786296875,16.84172113392861,0.0,38.467925,96
MRCHNT_2_PL1X3-APND,-4.38363875,9.819208950372973,-10.008379999999999,0.0,96
MSSHL100_1_MSG12-APND,0.0,0.0,0.0,0.0,96
MTF_2_UNITS-APND,0.0,0.0,0.0,0.0,96
MYSTIC_7_MYST-APND,0.0,0.0,0.0,0.0,96
NAVYII_2_UNITS-APND,-4.804141041666667,10.404609845064526,-11.633565,0.0,96
NEVP_APEX_NEVP-APND,0.0,0.0,0.0,0.0,96
NEVP_BCTAP230-APND,0.0,0.0,0.0,0.0,96
NEVP_CRYSTAL500-APND,0.0,0.0,0.0,0.0,96
NEVP_CRYSTAL500_NEVP-APND,0.0,0.0,0.0,0.0,96
NEVP_GON.IPP-APND,0.0,0.0,0.0,0.0,96
NEVP_GON.PAV-APND,0.0,0.0,0.0,0.0,96
NEVP_HILLTOP345-APND,0.0,0.0,0.0,0.0,96
NEVP_M345-APND,0.0,0.0,0.0,0.0,96
NEVP_MCCULLOUG230-APND,0.0,0.0,0.0,0.0,96
NEVP_MEAD230_NEVP-APND,0.0,0.0,0.0,0.0,96
NEVP_MEAD500-APND,0.0,0.0,0.0,0.0,96
NEVP_MEAD5MSCHD-APND,0.0,0.0,0.0,0.0,96
NEVP_REDB-APND,0.0,0.0,0.0,0.0,96
NHOGAN_6_UNITS-APND,8.233645416666667,16.557579266712487,0.0,23.397365,96
NHW_2_SHEPDSNC_PLANT-APND,0.0,0.0,0.0,0.0,96
NINE_MI_1_GEN_TOTAL-APND,0.0,0.0,0.0,0.0,96
NORORC_2_NOSBX2-APND,-4.60492625,6.7455425579010875,-16.326945000000002,0.0,72
NWMT_AVA.COLSTRIP-APND,0.0,0.0,0.0,0.0,96
NWMT_AVAT.NWMT-APND,0.0,0.0,0.0,0.0,96
NWMT_BPAT.NWMT-APND,0.0,0.0,0.0,0.0,96
NWMT_BRDY-APND,0.0,0.0,0.0,0.0,96
NWMT_GARRISON-APND,0.0,0.0,0.0,0.0,96
NWMT_JEFF-APND,0.0,0.0,0.0,0.0,96
NWMT_PACW.COLSTRIP-APND,0.0,0.0,0.0,0.0,96
NWMT_PGE.COLSTRIP-APND,0.0,0.0,0.0,0.0,96
NWMT_PSE.COLSTRIP-APND,0.0,0.0,0.0,0.0,96
NWMT_PTSN-APND,0.0,0.0,0.0,0.0,96
NWMT_TENDOY-APND,0.0,0.0,0.0,0.0,96
NWMT_YTP-APND,0.0,0.0,0.0,0.0,96
NWM_1_NEWMAN_4CC-APND,0.0,0.0,0.0,0.0,96
NWM_1_NEWMAN_5CC-APND,0.0,0.0,0.0,0.0,96
OBERON_5_O1BBX2-APND,-6.803526875,18.202415831986603,-10.797754999999999,0.0,96
OBERON_5_O1SSX2-APND,-6.803526875,18.2024158319866,-10.797754999999999,0.0,96
OBERON_5_O2BBX2-APND,-6.803526875,18.202415831986606,-10.797754999999999,0.0,96
OGPP_2_OG-APND,0.0,0.0,0.0,0.0,96
OGROVE_6_PL1X2-APND,-4.1760640625,10.487566664280997,-11.240735,0.0,96
ONLLPP_6_UNITS-APND,11.999104895833334,32.82359629512631,-4.16082,39.08786,96
OSO_3_OSO_GRANDE-APND,0.0,0.0,0.0,0.0,96
OTMESA_2_PL1X3-APND,-3.9868432291666664,10.723540490480941,-11.076360000000001,2.04274,96
PALOMR_2_PL1X3-APND,-4.2436952083333335,10.571578554632822,-11.26209,0.0,96
PALOVRDE_ASR-APND,-4.8172685416666665,11.338358626316895,-9.987020000000001,0.0,96
PARDEB_6_UNITS-APND,8.233645416666667,16.557579266712484,0.0,23.397365,96
PARKER_2_HYDR-APND,0.0,0.0,0.0,0.0,96
PGCC_1_PDRP02-APND,9.801073645833332,16.836058530878994,0.0,38.467925,96
PGCC_1_PDRP04-APND,9.801073645833332,16.836058530878997,0.0,38.467925,96
PGCC_1_PDRP06-APND,4.677782708333333,7.119604445389621,0.0,18.400022,48
PGCC_1_PDRP07-APND,4.677782708333333,7.119604445389621,0.0,18.400022,48
PGCC_1_PDRP08-APND,9.801073645833332,16.836058530878997,0.0,38.467925,96
PGCC_1_PDRP100-APND,4.677782708333333,7.119604445389622,0.0,18.400022,48
PGCC_1_PDRP12-APND,9.801073645833332,16.836058530878997,0.0,38.467925,96
PGCC_1_PDRP13-APND,9.801073645833332,16.836058530878994,0.0,38.467925,96
PGCC_1_PDRP16-APND,9.801073645833332,16.836058530878997,0.0,38.467925,96
PGCC_1_PDRP17-APND,9.801073645833332,16.836058530878997,0.0,38.467925,96
PGCC_1_PDRP18-APND,9.801073645833332,16.836058530878997,0.0,38.467925,96
PGCC_1_PDRP19-APND,9.801073645833332,16.836058530878997,0.0,38.467925,96
PGCC_1_PDRP20-APND,9.801073645833332,16.836058530878997,0.0,38.467925,96
PGCC_1_PDRP21-APND,9.801073645833332,16.836058530878997,0.0,38.467925,96
PGCC_1_PDRP22-APND,9.801073645833332,16.836058530878994,0.0,38.467925,96
PGCC_1_PDRP24-APND,9.801073645833332,16.836058530878994,0.0,38.467925,96
PGCC_1_PDRP25-APND,9.801073645833332,16.836058530878997,0.0,38.467925,96
PGCC_1_PDRP26-APND,9.801073645833332,16.836058530878994,0.0,38.467925,96
PGCC_1_PDRP27-APND,9.801073645833332,16.836058530879,0.0,38.467925,96
PGCC_1_PDRP28-APND,9.801073645833332,16.836058530879,0.0,38.467925,96
PGCC_1_PDRP29-APND,9.801073645833332,16.836058530878997,0.0,38.467925,96
PGCC_1_PDRP31-APND,9.801073645833332,16.83605853087899,0.0,38.467925,96
PGCC_1_PDRP32-APND,9.801073645833332,16.836058530878997,0.0,38.467925,96
PGCC_1_PDRP33-APND,9.801073645833332,16.836058530878997,0.0,38.467925,96
PGCC_1_PDRP34-APND,9.801073645833332,16.836058530878997,0.0,38.467925,96
PGCC_1_PDRP35-APND,9.801073645833332,16.836058530878994,0.0,38.467925,96
PGCC_1_PDRP36-APND,9.801073645833332,16.836058530879,0.0,38.467925,96
PGCC_1_PDRP38-APND,14.924364583333334,21.647972593280244,-1.1202209999999992,45.613189,48
PGCC_1_PDRP41-APND,9.801073645833332,16.836058530878994,0.0,38.467925,96
PGCC_1_PDRP45-APND,9.801073645833332,16.836058530879,0.0,38.467925,96
PGCC_1_PDRP51-APND,10.84692375,15.877619312986992,0.0,35.837723,24
PGCC_1_PDRP53-APND,7.035854583333333,8.547884482743173,-0.040088999999999986,19.898609999999998,24
PGCC_1_PDRP60-APND,4.677782708333333,7.119604445389622,0.0,18.400022,48
PGCC_1_PDRP69-APND,4.677782708333333,7.119604445389622,0.0,18.400022,48
PGCC_1_PDRP98-APND,4.677782708333333,7.119604445389622,0.0,18.400022,48
PGCC_1_PDRP99-APND,4.677782708333333,7.119604445389621,0.0,18.400022,48
PGCC_1_RDRR01-APND,9.801073645833332,16.836058530878997,0.0,38.467925,96
PGEB_2_PDRP02-APND,0.36190916666666667,0.7341305847464366,0.0,1.598013,24
PGEB_2_PDRP04-APND,9.501381875,18.245357639471287,0.0,28.387935,96
PGEB_2_PDRP05-APND,9.501381875,18.245357639471287,0.0,28.387935,96
PGEB_2_PDRP08-APND,9.501381875,18.24535763947129,0.0,28.387935,96
PGEB_2_PDRP09-APND,9.501381875,18.245357639471287,0.0,28.387935,96
PGEB_2_PDRP10-APND,9.501381875,18.245357639471294,0.0,28.387935,96
PGEB_2_PDRP100-APND,9.501381875,18.245357639471294,0.0,28.387935,96
PGEB_2_PDRP101-APND,9.501381875,18.24535763947129,0.0,28.387935,96
PGEB_2_PDRP102-APND,9.501381875,18.24535763947129,0.0,28.387935,96
PGEB_2_PDRP103-APND,9.501381875,18.245357639471283,0.0,28.387935,96
PGEB_2_PDRP104-APND,9.501381875,18.245357639471283,0.0,28.387935,96
PGEB_2_PDRP105-APND,9.501381875,18.245357639471287,0.0,28.387935,96
PGEB_2_PDRP107-APND,9.501381875,18.245357639471287,0.0,28.387935,96
PGEB_2_PDRP108-APND,14.4846275,23.51111715126892,-1.0982579999999993,36.67764900000001,48
PGEB_2_PDRP111-APND,9.501381875,18.24535763947129,0.0,28.387935,96
PGEB_2_PDRP112-APND,9.501381875,18.245357639471287,0.0,28.387935,96
PGEB_2_PDRP113-APND,9.501381875,18.245357639471287,0.0,28.387935,96
PGEB_2_PDRP114-APND,19.857981249999998,29.798988722159148,0.0,75.62071899999998,24
PGEB_2_PDRP120-APND,4.51813625,8.329115580052346,0.0,21.963599,48
PGEB_2_PDRP13-APND,4.51813625,8.329115580052346,0.0,21.963599,48
PGEB_2_PDRP15-APND,4.51813625,8.329115580052347,0.0,21.963599,48
PGEB_2_PDRP21-APND,9.501381875,18.24535763947129,0.0,28.387935,96
PGEB_2_PDRP22-APND,9.501381875,18.24535763947129,0.0,28.387935,96
PGEB_2_PDRP23-APND,9.501381875,18.245357639471294,0.0,28.387935,96
PGEB_2_PDRP24-APND,9.501381875,18.245357639471287,0.0,28.387935,96
PGEB_2_PDRP25-APND,9.501381875,18.245357639471287,0.0,28.387935,96
PGEB_2_PDRP26-APND,9.501381875,18.24535763947129,0.0,28.387935,96
PGEB_2_PDRP27-APND,9.501381875,18.245357639471287,0.0,28.387935,96
PGEB_2_PDRP28-APND,9.501381875,18.245357639471287,0.0,28.387935,96
PGEB_2_PDRP29-APND,9.501381875,18.245357639471287,0.0,28.387935,96
PGEB_2_PDRP30-APND,9.501381875,18.245357639471283,0.0,28.387935,96
PGEB_2_PDRP31-APND,9.501381875,18.245357639471283,0.0,28.387935,96
PGEB_2_PDRP34-APND,9.501381875,18.245357639471283,0.0,28.387935,96
PGEB_2_PDRP35-APND,9.501381875,18.245357639471287,0.0,28.387935,96
PGEB_2_PDRP36-APND,9.501381875,18.24535763947129,0.0,28.387935,96
PGEB_2_PDRP37-APND,9.501381875,18.245357639471287,0.0,28.387935,96
PGEB_2_PDRP40-APND,9.501381875,18.24535763947129,0.0,28.387935,96
PGEB_2_PDRP41-APND,9.501381875,18.24535763947129,0.0,28.387935,96
PGEB_2_PDRP42-APND,9.501381875,18.24535763947129,0.0,28.387935,96
PGEB_2_PDRP43-APND,9.501381875,18.245357639471287,0.0,28.387935,96
PGEB_2_PDRP44-APND,9.501381875,18.24535763947129,0.0,28.387935,96
PGEB_2_PDRP45-APND,9.501381875,18.24535763947129,0.0,28.387935,96
PGEB_2_PDRP46-APND,9.501381875,18.245357639471287,0.0,28.387935,96
PGEB_2_PDRP47-APND,9.501381875,18.245357639471287,0.0,28.387935,96
PGEB_2_PDRP48-APND,9.501381875,18.24535763947129,0.0,28.387935,96
PGEB_2_PDRP49-APND,9.501381875,18.245357639471283,0.0,28.387935,96
PGEB_2_PDRP50-APND,9.501381875,18.245357639471287,0.0,28.387935,96
PGEB_2_PDRP51-APND,9.501381875,18.245357639471287,0.0,28.387935,96
PGEB_2_PDRP52-APND,9.501381875,18.245357639471283,0.0,28.387935,96
PGEB_2_PDRP53-APND,9.501381875,18.245357639471287,0.0,28.387935,96
PGEB_2_PDRP54-APND,9.501381875,18.245357639471283,0.0,28.387935,96
PGEB_2_PDRP55-APND,9.501381875,18.245357639471287,0.0,28.387935,96
PGEB_2_PDRP56-APND,9.501381875,18.24535763947129,0.0,28.387935,96
PGEB_2_PDRP57-APND,9.501381875,18.24535763947129,0.0,28.387935,96
PGEB_2_PDRP58-APND,9.501381875,18.24535763947129,0.0,28.387935,96
PGEB_2_PDRP60-APND,9.501381875,18.24535763947129,0.0,28.387935,96
PGEB_2_PDRP61-APND,9.501381875,18.24535763947129,0.0,28.387935,96
PGEB_2_PDRP62-APND,9.501381875,18.245357639471283,0.0,28.387935,96
PGEB_2_PDRP63-APND,9.501381875,18.245357639471287,0.0,28.387935,96
PGEB_2_PDRP64-APND,9.501381875,18.24535763947129,0.0,28.387935,96
PGEB_2_PDRP65-APND,9.501381875,18.245357639471287,0.0,28.387935,96
PGEB_2_PDRP66-APND,9.501381875,18.245357639471287,0.0,28.387935,96
PGEB_2_PDRP67-APND,9.501381875,18.24535763947129,0.0,28.387935,96
PGEB_2_PDRP68-APND,9.501381875,18.24535763947129,0.0,28.387935,96
PGEB_2_PDRP69-APND,9.501381875,18.245357639471287,0.0,28.387935,96
PGEB_2_PDRP70-APND,9.501381875,18.245357639471287,0.0,28.387935,96
PGEB_2_PDRP71-APND,9.501381875,18.245357639471283,0.0,28.387935,96
PGEB_2_PDRP73-APND,9.501381875,18.245357639471287,0.0,28.387935,96
PGEB_2_PDRP74-APND,9.501381875,18.245357639471283,0.0,28.387935,96
PGEB_2_PDRP76-APND,9.501381875,18.245357639471283,0.0,28.387935,96
PGEB_2_PDRP77-APND,9.501381875,18.24535763947128,0.0,28.387935,96
PGEB_2_PDRP78-APND,9.501381875,18.245357639471283,0.0,28.387935,96
PGEB_2_PDRP79-APND,9.501381875,18.24535763947129,0.0,28.387935,96
PGEB_2_PDRP80-APND,9.501381875,18.245357639471283,0.0,28.387935,96
PGEB_2_PDRP81-APND,9.501381875,18.245357639471283,0.0,28.387935,96
PGEB_2_PDRP82-APND,9.501381875,18.245357639471283,0.0,28.387935,96
PGEB_2_PDRP83-APND,9.501381875,18.24535763947129,0.0,28.387935,96
PGEB_2_PDRP84-APND,9.501381875,18.245357639471287,0.0,28.387935,96
PGEB_2_PDRP93-APND,9.501381875,18.245357639471287,0.0,28.387935,96
PGEB_2_PDRP95-APND,9.501381875,18.245357639471287,0.0,28.387935,96
PGEB_2_PDRP96-APND,9.501381875,18.245357639471287,0.0,28.387935,96
PGEB_2_PDRP97-APND,9.501381875,18.245357639471287,0.0,28.387935,96
PGEB_2_PDRP98-APND,9.501381875,18.245357639471287,0.0,28.387935,96
PGEB_2_RDRR01-APND,9.501381875,18.24535763947129,0.0,28.387935,96
PGEB_2_RDRR02-APND,4.51813625,8.329115580052347,0.0,21.963599,48
PGE_BPAT.PGE-APND,0.0,0.0,0.0,0.0,96
PGE_BPAT.PSEI-APND,0.0,0.0,0.0,0.0,96
PGE_CAPTAINJACK-APND,0.0,0.0,0.0,0.0,96
PGE_COBH-APND,0.0,0.0,0.0,0.0,96
PGE_GRIZZLY-APND,0.0,0.0,0.0,0.0,96
PGE_JOHNDAY-APND,0.0,0.0,0.0,0.0,96
PGE_KFALLSGEN-APND,0.0,0.0,0.0,0.0,96
PGE_MALIN-APND,0.0,0.0,0.0,0.0,96
PGE_MIDC.AV-APND,0.0,0.0,0.0,0.0,96
PGE_MIDCREMOTE-APND,0.0,0.0,0.0,0.0,96
PGE_MIDC_PACW_PGE-APND,0.0,0.0,0.0,0.0,96
PGE_MIDC_PSEI_PGE-APND,0.0,0.0,0.0,0.0,96
PGE_PACW.PGE-APND,0.0,0.0,0.0,0.0,96
PGE_PGE.COLSTRIP-APND,0.0,0.0,0.0,0.0,96
PGE_ROUNDBUTTE-APND,0.0,0.0,0.0,0.0,96
PGE_SCLBPATPGE-APND,0.0,0.0,0.0,0.0,96
PGF1_2_PDRP03-APND,-0.28624072916666676,12.430695689139108,-10.097715,10.639305,96
PGF1_2_PDRP04-APND,-0.2862407291666667,12.430695689139105,-10.097715,10.639305,96
PGF1_2_PDRP05-APND,-3.7868370833333334,12.890021078099558,-31.171628,4.554794000000028,48
PGF1_2_PDRP06-APND,-3.7868370833333334,12.89002107809956,-31.171628,4.554794000000028,48
PGF1_2_PDRP101-APND,3.214355625,11.00680015279334,-5.534969,14.926756000000026,48
PGF1_2_PDRP103-APND,3.2143556249999996,11.00680015279334,-5.534969,14.926756000000026,48
PGF1_2_PDRP104-APND,-0.2862407291666668,12.430695689139108,-10.097715,10.639305,96
PGF1_2_PDRP105-APND,-0.28624072916666665,12.430695689139105,-10.097715,10.639305,96
PGF1_2_PDRP106-APND,-0.28624072916666676,12.430695689139107,-10.097715,10.639305,96
PGF1_2_PDRP107-APND,-0.2862407291666668,12.430695689139107,-10.097715,10.639305,96
PGF1_2_PDRP108-APND,-0.2862407291666666,12.430695689139108,-10.097715,10.639305,96
PGF1_2_PDRP109-APND,-0.2862407291666666,12.430695689139108,-10.097715,10.639305,96
PGF1_2_PDRP11-APND,-0.2862407291666668,12.430695689139105,-10.097715,10.639305,96
PGF1_2_PDRP110-APND,-0.2862407291666666,12.430695689139105,-10.097715,10.639305,96
PGF1_2_PDRP111-APND,-0.2862407291666666,12.430695689139107,-10.097715,10.639305,96
PGF1_2_PDRP112-APND,-3.7868370833333334,12.890021078099558,-31.171628,4.554794000000028,48
PGF1_2_PDRP116-APND,-0.2862407291666667,12.430695689139107,-10.097715,10.639305,96
PGF1_2_PDRP12-APND,-3.7868370833333334,12.890021078099558,-31.171628,4.554794000000028,48
PGF1_2_PDRP120-APND,-3.7868370833333334,12.890021078099558,-31.171628,4.554794000000028,48
PGF1_2_PDRP13-APND,-3.7868370833333334,12.890021078099558,-31.171628,4.554794000000028,48
PGF1_2_PDRP14-APND,-3.7868370833333334,12.890021078099558,-31.171628,4.554794000000028,48
PGF1_2_PDRP16-APND,-0.2862407291666666,12.430695689139105,-10.097715,10.639305,96
PGF1_2_PDRP17-APND,-0.2862407291666666,12.430695689139105,-10.097715,10.639305,96
PGF1_2_PDRP18-APND,-0.2862407291666666,12.430695689139107,-10.097715,10.639305,96
PGF1_2_PDRP19-APND,-0.2862407291666667,12.430695689139107,-10.097715,10.639305,96
PGF1_2_PDRP20-APND,-0.2862407291666666,12.430695689139108,-10.097715,10.639305,96
PGF1_2_PDRP21-APND,-0.2862407291666666,12.430695689139108,-10.097715,10.639305,96
PGF1_2_PDRP24-APND,-0.2862407291666667,12.430695689139107,-10.097715,10.639305,96
PGF1_2_PDRP25-APND,-0.2862407291666668,12.430695689139108,-10.097715,10.639305,96
PGF1_2_PDRP26-APND,-0.28624072916666665,12.430695689139105,-10.097715,10.639305,96
PGF1_2_PDRP27-APND,-0.2862407291666667,12.430695689139105,-10.097715,10.639305,96
PGF1_2_PDRP28-APND,-0.28624072916666676,12.430695689139105,-10.097715,10.639305,96
PGF1_2_PDRP29-APND,-0.2862407291666668,12.430695689139107,-10.097715,10.639305,96
PGF1_2_PDRP30-APND,-0.2862407291666666,12.430695689139105,-10.097715,10.639305,96
PGF1_2_PDRP36-APND,-0.2862407291666667,12.430695689139105,-10.097715,10.639305,96
PGF1_2_PDRP37-APND,-0.28624072916666665,12.430695689139107,-10.097715,10.639305,96
PGF1_2_PDRP38-APND,-0.2862407291666667,12.430695689139107,-10.097715,10.639305,96
PGF1_2_PDRP39-APND,-0.28624072916666665,12.430695689139105,-10.097715,10.639305,96
PGF1_2_PDRP40-APND,-0.2862407291666666,12.430695689139108,-10.097715,10.639305,96
PGF1_2_PDRP41-APND,-0.2862407291666666,12.430695689139107,-10.097715,10.639305,96
PGF1_2_PDRP42-APND,-0.2862407291666668,12.43069568913911,-10.097715,10.639305,96
PGF1_2_PDRP43-APND,-0.2862407291666666,12.430695689139108,-10.097715,10.639305,96
PGF1_2_PDRP44-APND,-0.2862407291666667,12.430695689139107,-10.097715,10.639305,96
PGF1_2_PDRP45-APND,-0.28624072916666665,12.430695689139107,-10.097715,10.639305,96
PGF1_2_PDRP46-APND,-0.2862407291666667,12.430695689139107,-10.097715,10.639305,96
PGF1_2_PDRP47-APND,-0.2862407291666666,12.430695689139105,-10.097715,10.639305,96
PGF1_2_PDRP48-APND,-0.2862407291666666,12.430695689139105,-10.097715,10.639305,96
PGF1_2_PDRP49-APND,-0.2862407291666666,12.430695689139105,-10.097715,10.639305,96
PGF1_2_PDRP50-APND,-0.2862407291666666,12.430695689139107,-10.097715,10.639305,96
PGF1_2_PDRP51-APND,-0.2862407291666666,12.430695689139105,-10.097715,10.639305,96
PGF1_2_PDRP52-APND,-0.2862407291666666,12.430695689139105,-10.097715,10.639305,96
PGF1_2_PDRP53-APND,-0.2862407291666667,12.430695689139105,-10.097715,10.639305,96
PGF1_2_PDRP54-APND,-0.2862407291666666,12.430695689139105,-10.097715,10.639305,96
PGF1_2_PDRP55-APND,-0.28624072916666665,12.430695689139108,-10.097715,10.639305,96
PGF1_2_PDRP56-APND,-0.2862407291666666,12.430695689139105,-10.097715,10.639305,96
PGF1_2_PDRP57-APND,-0.2862407291666667,12.430695689139105,-10.097715,10.639305,96
PGF1_2_PDRP58-APND,-0.2862407291666667,12.430695689139105,-10.097715,10.639305,96
PGF1_2_PDRP59-APND,-0.28624072916666665,12.430695689139107,-10.097715,10.639305,96
PGF1_2_PDRP60-APND,-0.2862407291666667,12.430695689139107,-10.097715,10.639305,96
PGF1_2_PDRP61-APND,-0.28624072916666676,12.430695689139107,-10.097715,10.639305,96
PGF1_2_PDRP62-APND,-0.2862407291666668,12.430695689139107,-10.097715,10.639305,96
PGF1_2_PDRP63-APND,-0.2862407291666667,12.430695689139105,-10.097715,10.639305,96
PGF1_2_PDRP64-APND,-0.28624072916666665,12.430695689139105,-10.097715,10.639305,96
PGF1_2_PDRP65-APND,-0.28624072916666676,12.430695689139105,-10.097715,10.639305,96
PGF1_2_PDRP66-APND,-0.2862407291666667,12.430695689139105,-10.097715,10.639305,96
PGF1_2_PDRP68-APND,-0.2862407291666667,12.430695689139107,-10.097715,10.639305,96
PGF1_2_PDRP69-APND,-0.28624072916666665,12.430695689139105,-10.097715,10.639305,96
PGF1_2_PDRP70-APND,-0.2862407291666667,12.430695689139105,-10.097715,10.639305,96
PGF1_2_PDRP71-APND,-0.2862407291666667,12.430695689139107,-10.097715,10.639305,96
PGF1_2_PDRP72-APND,-0.28624072916666665,12.430695689139107,-10.097715,10.639305,96
PGF1_2_PDRP73-APND,-0.2862407291666667,12.430695689139105,-10.097715,10.639305,96
PGF1_2_PDRP74-APND,-0.28624072916666665,12.430695689139105,-10.097715,10.639305,96
PGF1_2_PDRP75-APND,-0.28624072916666665,12.430695689139108,-10.097715,10.639305,96
PGF1_2_PDRP76-APND,-0.2862407291666667,12.430695689139107,-10.097715,10.639305,96
PGF1_2_PDRP77-APND,-0.2862407291666667,12.430695689139107,-10.097715,10.639305,96
PGF1_2_PDRP78-APND,-0.2862407291666667,12.430695689139107,-10.097715,10.639305,96
PGF1_2_PDRP79-APND,-0.2862407291666667,12.430695689139108,-10.097715,10.639305,96
PGF1_2_PDRP80-APND,-0.2862407291666667,12.430695689139105,-10.097715,10.639305,96
PGF1_2_PDRP81-APND,-0.28624072916666676,12.430695689139105,-10.097715,10.639305,96
PGF1_2_PDRP82-APND,-0.2862407291666667,12.430695689139108,-10.097715,10.639305,96
PGF1_2_PDRP83-APND,-0.28624072916666665,12.430695689139105,-10.097715,10.639305,96
PGF1_2_PDRP84-APND,-0.2862407291666667,12.430695689139108,-10.097715,10.639305,96
PGF1_2_PDRP85-APND,-0.2862407291666667,12.430695689139105,-10.097715,10.639305,96
PGF1_2_PDRP86-APND,-0.2862407291666668,12.430695689139105,-10.097715,10.639305,96
PGF1_2_PDRP87-APND,-0.28624072916666676,12.430695689139105,-10.097715,10.639305,96
PGF1_2_PDRP88-APND,-0.2862407291666666,12.430695689139105,-10.097715,10.639305,96
PGF1_2_PDRP89-APND,-0.2862407291666667,12.430695689139108,-10.097715,10.639305,96
PGF1_2_PDRP91-APND,-0.28624072916666665,12.430695689139105,-10.097715,10.639305,96
PGF1_2_PDRP92-APND,-0.28624072916666665,12.430695689139107,-10.097715,10.639305,96
PGF1_2_PDRP93-APND,-0.2862407291666667,12.430695689139107,-10.097715,10.639305,96
PGF1_2_PDRP94-APND,-0.28624072916666665,12.430695689139107,-10.097715,10.639305,96
PGF1_2_PDRP95-APND,-0.28624072916666665,12.430695689139107,-10.097715,10.639305,96
PGF1_2_PDRP96-APND,-0.2862407291666667,12.430695689139107,-10.097715,10.639305,96
PGF1_2_PDRP97-APND,-0.2862407291666666,12.430695689139105,-10.097715,10.639305,96
PGF1_2_PDRP98-APND,-0.28624072916666665,12.430695689139107,-10.097715,10.639305,96
PGF1_2_RDRR01-APND,-0.2862407291666666,12.430695689139107,-10.097715,10.639305,96
PGFG_1_PDRP05-APND,10.728291666666665,18.089567001216484,0.0,27.670755,96
PGFG_1_PDRP10-APND,6.9810429166666665,8.508425100801485,0.0,21.879805,48
PGFG_1_PDRP13-APND,10.728291666666665,18.089567001216484,0.0,27.670755,96
PGFG_1_PDRP14-APND,10.728291666666665,18.089567001216487,0.0,27.670755,96
PGFG_1_PDRP15-APND,10.728291666666665,18.089567001216487,0.0,27.670755,96
PGFG_1_PDRP17-APND,10.728291666666665,18.089567001216487,0.0,27.670755,96
PGFG_1_PDRP19-APND,10.728291666666665,18.089567001216484,0.0,27.670755,96
PGFG_1_PDRP20-APND,10.728291666666665,18.089567001216487,0.0,27.670755,96
PGFG_1_PDRP21-APND,10.728291666666665,18.08956700121648,0.0,27.670755,96
PGFG_1_PDRP22-APND,10.728291666666665,18.089567001216487,0.0,27.670755,96
PGFG_1_PDRP23-APND,10.728291666666665,18.089567001216484,0.0,27.670755,96
PGFG_1_PDRP24-APND,10.728291666666665,18.089567001216487,0.0,27.670755,96
PGFG_1_PDRP25-APND,10.728291666666665,18.089567001216487,0.0,27.670755,96
PGFG_1_PDRP27-APND,10.728291666666665,18.089567001216484,0.0,27.670755,96
PGFG_1_PDRP28-APND,10.728291666666665,18.089567001216484,0.0,27.670755,96
PGFG_1_PDRP29-APND,10.728291666666665,18.089567001216487,0.0,27.670755,96
PGFG_1_PDRP32-APND,10.728291666666665,18.089567001216484,0.0,27.670755,96
PGFG_1_PDRP33-APND,10.728291666666665,18.089567001216487,0.0,27.670755,96
PGFG_1_PDRP35-APND,10.728291666666665,18.089567001216484,0.0,27.670755,96
PGFG_1_PDRP36-APND,10.728291666666665,18.089567001216487,0.0,27.670755,96
PGFG_1_PDRP37-APND,10.728291666666665,18.089567001216487,0.0,27.670755,96
PGFG_1_PDRP38-APND,10.728291666666665,18.089567001216484,0.0,27.670755,96
PGFG_1_PDRP40-APND,14.475540416666668,23.67176989999602,-1.0982579999999993,36.46786300000001,48
PGFG_1_PDRP41-APND,10.728291666666665,18.08956700121648,0.0,27.670755,96
PGFG_1_PDRP42-APND,10.03725,8.758457851496658,2.036448,22.313706999999997,24
PGFG_1_RDRR01-APND,10.728291666666665,18.089567001216487,0.0,27.670755,96
PGG_2_PL-APND,0.0,0.0,0.0,0.0,96
PGHB_6_PDRP01-APND,16.066850416666664,36.053905313579804,0.0,75.25251799999998,24
PGHB_6_PDRP02-APND,8.728464791666667,19.67004848302777,0.0,21.943379999999998,96
PGHB_6_PDRP04-APND,8.728464791666667,19.670048483027774,0.0,21.943379999999998,96
PGHB_6_PDRP05-APND,8.728464791666667,19.67004848302777,0.0,21.943379999999998,96
PGHB_6_PDRP06-APND,8.728464791666665,19.67004848302777,0.0,21.943379999999998,96
PGHB_6_PDRP07-APND,8.728464791666667,19.670048483027767,0.0,21.943379999999998,96
PGHB_6_PDRP08-APND,8.728464791666665,19.67004848302778,0.0,21.943379999999998,96
PGHB_6_PDRP09-APND,8.728464791666667,19.670048483027767,0.0,21.943379999999998,96
PGHB_6_PDRP10-APND,8.728464791666667,19.67004848302777,0.0,21.943379999999998,96
PGHB_6_PDRP11-APND,8.728464791666665,19.67004848302777,0.0,21.943379999999998,96
PGHB_6_PDRP12-APND,8.728464791666667,19.670048483027763,0.0,21.943379999999998,96
PGHB_6_PDRP14-APND,8.728464791666667,19.67004848302777,0.0,21.943379999999998,96
PGHB_6_PDRP15-APND,8.728464791666665,19.670048483027767,0.0,21.943379999999998,96
PGHB_6_PDRP16-APND,8.728464791666667,19.670048483027767,0.0,21.943379999999998,96
PGHB_6_PDRP21-APND,4.236259791666667,7.249838012561439,0.0,17.115645,48
PGKN_2_PDRP01-APND,-2.9227097916666662,5.900609719296953,-16.213639,0.0,48
PGKN_2_PDRP02-APND,-5.8833765625000005,10.379291906347571,-16.597575,0.0,96
PGKN_2_PDRP03-APND,-0.09832208333333332,1.151823942698593,-1.352745,0.0,24
PGKN_2_PDRP04-APND,-2.922709791666667,5.900609719296953,-16.213639,0.0,48
PGKN_2_PDRP06-APND,-5.8833765625000005,10.379291906347577,-16.597575,0.0,96
PGKN_2_PDRP07-APND,-5.8833765625000005,10.379291906347575,-16.597575,0.0,96
PGKN_2_PDRP08-APND,-5.8833765625000005,10.379291906347577,-16.597575,0.0,96
PGKN_2_PDRP09-APND,-5.8833765625000005,10.379291906347573,-16.597575,0.0,96
PGKN_2_PDRP10-APND,-2.9227097916666662,5.900609719296953,-16.213639,0.0,48
PGKN_2_PDRP12-APND,-5.8833765625000005,10.379291906347575,-16.597575,0.0,96
PGKN_2_PDRP13-APND,-5.8833765625000005,10.379291906347577,-16.597575,0.0,96
PGKN_2_PDRP14-APND,-5.8833765625000005,10.379291906347573,-16.597575,0.0,96
PGKN_2_PDRP15-APND,-5.8833765625000005,10.379291906347577,-16.597575,0.0,96
PGKN_2_PDRP16-APND,-5.8833765625000005,10.379291906347573,-16.597575,0.0,96
PGKN_2_PDRP17-APND,-5.8833765625000005,10.379291906347577,-16.597575,0.0,96
PGKN_2_PDRP18-APND,-5.8833765625000005,10.379291906347573,-16.597575,0.0,96
PGKN_2_PDRP19-APND,-5.8833765625000005,10.379291906347573,-16.597575,0.0,96
PGKN_2_PDRP20-APND,-5.8833765625000005,10.379291906347575,-16.597575,0.0,96
PGKN_2_PDRP21-APND,-5.8833765625000005,10.379291906347575,-16.597575,0.0,96
PGKN_2_PDRP22-APND,-5.8833765625000005,10.379291906347573,-16.597575,0.0,96
PGKN_2_PDRP23-APND,-9.992101666666667,16.686169225852023,-43.31402,0.0,24
PGKN_2_PDRP24-APND,-5.8833765625000005,10.379291906347573,-16.597575,0.0,96
PGKN_2_PDRP25-APND,-5.8833765625000005,10.379291906347575,-16.597575,0.0,96
PGKN_2_PDRP32-APND,-5.8833765625000005,10.379291906347571,-16.597575,0.0,96
PGKN_2_PDRP33-APND,-5.8833765625000005,10.379291906347577,-16.597575,0.0,96
PGKN_2_PDRP34-APND,-5.8833765625000005,10.379291906347577,-16.597575,0.0,96
PGKN_2_PDRP35-APND,-5.8833765625000005,10.379291906347575,-16.597575,0.0,96
PGKN_2_PDRP36-APND,-5.8833765625000005,10.379291906347573,-16.597575,0.0,96
PGKN_2_PDRP37-APND,-5.8833765625000005,10.379291906347575,-16.597575,0.0,96
PGKN_2_PDRP38-APND,-5.8833765625000005,10.379291906347575,-16.597575,0.0,96
PGKN_2_PDRP40-APND,-5.8833765625000005,10.379291906347575,-16.597575,0.0,96
PGKN_2_PDRP41-APND,-5.8833765625000005,10.379291906347571,-16.597575,0.0,96
PGKN_2_PDRP42-APND,-5.8833765625000005,10.379291906347571,-16.597575,0.0,96
PGKN_2_PDRP43-APND,-5.8833765625000005,10.379291906347575,-16.597575,0.0,96
PGKN_2_PDRP44-APND,-5.8833765625000005,10.379291906347575,-16.597575,0.0,96
PGKN_2_PDRP48-APND,-5.8833765625000005,10.379291906347571,-16.597575,0.0,96
PGKN_2_PDRP49-APND,-5.8833765625000005,10.379291906347573,-16.597575,0.0,96
PGKN_2_PDRP50-APND,-5.8833765625000005,10.379291906347573,-16.597575,0.0,96
PGKN_2_PDRP51-APND,-5.8833765625000005,10.379291906347571,-16.597575,0.0,96
PGKN_2_PDRP55-APND,-2.922709791666667,5.900609719296952,-16.213639,0.0,48
PGKN_2_PDRP59-APND,-2.922709791666667,5.900609719296952,-16.213639,0.0,48
PGKN_2_RDRR02-APND,-5.8833765625000005,10.379291906347573,-16.597575,0.0,96
PGNB_2_PDRP01-APND,14.405493958333333,23.744629863643013,-1.0982579999999993,36.492362000000014,48
PGNB_2_PDRP02-APND,9.396879791666667,18.334815222188112,0.0,27.5367,96
PGNB_2_PDRP03-APND,9.396879791666667,18.334815222188116,0.0,27.5367,96
PGNB_2_PDRP06-APND,0.476885,0.8466491556822056,0.0,1.6889559999999997,24
PGNB_2_PDRP07-APND,4.388265625,8.02720232584416,0.0,21.340025999999998,48
PGNB_2_PDRP10-APND,4.388265625,8.02720232584416,0.0,21.340025999999998,48
PGNB_2_PDRP101-APND,4.388265625,8.027202325844161,0.0,21.340025999999998,48
PGNB_2_PDRP117-APND,4.388265625,8.02720232584416,0.0,21.340025999999998,48
PGNB_2_PDRP12-APND,9.396879791666667,18.33481522218812,0.0,27.5367,96
PGNB_2_PDRP15-APND,9.396879791666667,18.33481522218812,0.0,27.5367,96
PGNB_2_PDRP16-APND,9.396879791666667,18.33481522218812,0.0,27.5367,96
PGNB_2_PDRP17-APND,9.396879791666667,18.33481522218812,0.0,27.5367,96
PGNB_2_PDRP19-APND,9.396879791666667,18.33481522218812,0.0,27.5367,96
PGNB_2_PDRP20-APND,9.396879791666667,18.334815222188116,0.0,27.5367,96
PGNB_2_PDRP21-APND,9.396879791666667,18.334815222188116,0.0,27.5367,96
PGNB_2_PDRP22-APND,9.396879791666667,18.334815222188112,0.0,27.5367,96
PGNB_2_PDRP25-APND,9.396879791666667,18.33481522218812,0.0,27.5367,96
PGNB_2_PDRP26-APND,9.396879791666667,18.334815222188116,0.0,27.5367,96
PGNB_2_PDRP27-APND,9.396879791666667,18.334815222188116,0.0,27.5367,96
PGNB_2_PDRP28-APND,9.396879791666667,18.334815222188116,0.0,27.5367,96
PGNB_2_PDRP29-APND,9.396879791666667,18.33481522218812,0.0,27.5367,96
PGNB_2_PDRP30-APND,9.396879791666667,18.33481522218812,0.0,27.5367,96
PGNB_2_PDRP31-APND,9.396879791666667,18.33481522218812,0.0,27.5367,96
PGNB_2_PDRP32-APND,9.396879791666667,18.33481522218812,0.0,27.5367,96
PGNB_2_PDRP33-APND,9.396879791666667,18.334815222188116,0.0,27.5367,96
PGNB_2_PDRP34-APND,9.396879791666667,18.33481522218812,0.0,27.5367,96
PGNB_2_PDRP35-APND,9.396879791666667,18.334815222188116,0.0,27.5367,96
PGNB_2_PDRP36-APND,9.396879791666667,18.334815222188112,0.0,27.5367,96
PGNB_2_PDRP37-APND,9.396879791666667,18.33481522218812,0.0,27.5367,96
PGNB_2_PDRP41-APND,14.405493958333333,23.74462986364301,-1.0982579999999993,36.492362000000014,48
PGNB_2_PDRP42-APND,9.396879791666667,18.33481522218812,0.0,27.5367,96
PGNB_2_PDRP43-APND,9.396879791666667,18.334815222188116,0.0,27.5367,96
PGNC_1_PDRP01-APND,22.131244999999996,61.38102442950844,-11.63659,75.604545,96
PGNC_1_PDRP02-APND,27.057125,83.12721326488318,-17.365068,98.09044000000011,48
PGNC_1_PDRP04-APND,22.131245000000003,61.38102442950843,-11.63659,75.604545,96
PGNC_1_PDRP05-APND,22.131245000000003,61.381024429508436,-11.63659,75.604545,96
PGNC_1_PDRP06-APND,22.131244999999996,61.38102442950844,-11.63659,75.604545,96
PGNC_1_PDRP07-APND,22.131244999999996,61.38102442950845,-11.63659,75.604545,96
PGNC_1_PDRP09-APND,22.131245000000003,61.38102442950843,-11.63659,75.604545,96
PGNC_1_PDRP14-APND,22.131245000000003,61.38102442950844,-11.63659,75.604545,96
PGNC_1_PDRP15-APND,22.131245000000003,61.38102442950842,-11.63659,75.604545,96
PGNC_1_PDRP16-APND,22.131244999999996,61.38102442950843,-11.63659,75.604545,96
PGNC_1_PDRP17-APND,22.131245000000003,61.38102442950843,-11.63659,75.604545,96
PGNC_1_PDRP18-APND,22.131244999999996,61.38102442950844,-11.63659,75.604545,96
PGNC_1_PDRP19-APND,22.131245000000003,61.38102442950843,-11.63659,75.604545,96
PGNC_1_PDRP20-APND,22.131245000000003,61.381024429508436,-11.63659,75.604545,96
PGNC_1_PDRP21-APND,22.131244999999996,61.38102442950844,-11.63659,75.604545,96
PGNC_1_PDRP22-APND,22.131245000000003,61.38102442950842,-11.63659,75.604545,96
PGNC_1_PDRP23-APND,17.205365,25.60718586624549,-1.0982579999999993,36.06768300000001,48
PGNC_1_PDRP25-APND,17.205365,25.607185866245487,-1.0982579999999993,36.06768300000001,48
PGNC_1_PDRP26-APND,22.131245000000003,61.38102442950844,-11.63659,75.604545,96
PGNC_1_PDRP27-APND,17.205365,25.607185866245484,-1.0982579999999993,36.06768300000001,48
PGNC_1_PDRP29-APND,27.057125,83.1272132648832,-17.365068,98.09044000000011,48
PGNC_1_RDRR02-APND,22.131244999999996,61.381024429508415,-11.63659,75.604545,96
PGNC_2_PDRP10-APND,22.131244999999996,61.38102442950844,-11.63659,75.604545,96
PGNC_2_PDRP11-APND,22.131245000000003,61.381024429508436,-11.63659,75.604545,96
PGNC_2_PDRP12-APND,22.131245000000003,61.381024429508436,-11.63659,75.604545,96
PGNC_2_PDRP13-APND,27.95285541666667,67.2481103287268,0.0,77.65182899999999,72
PGNP_2_PDRP02-APND,8.7643234375,17.895615099746163,-0.064915,23.86934,96
PGNP_2_PDRP03-APND,4.073766875,7.926573166593375,-0.063221,20.355188000000002,48
PGNP_2_PDRP04-APND,4.073766875,7.926573166593374,-0.063221,20.355188000000002,48
PGNP_2_PDRP05-APND,4.073766875,7.926573166593375,-0.063221,20.355188000000002,48
PGNP_2_PDRP07-APND,4.073766875,7.926573166593375,-0.063221,20.355188000000002,48
PGNP_2_PDRP08-APND,8.7643234375,17.89561509974616,-0.064915,23.86934,96
PGNP_2_PDRP09-APND,8.7643234375,17.89561509974616,-0.064915,23.86934,96
PGNP_2_PDRP10-APND,8.7643234375,17.895615099746163,-0.064915,23.86934,96
PGNP_2_PDRP11-APND,8.7643234375,17.895615099746166,-0.064915,23.86934,96
PGNP_2_PDRP16-APND,8.7643234375,17.895615099746166,-0.064915,23.86934,96
PGNP_2_PDRP17-APND,8.7643234375,17.895615099746166,-0.064915,23.86934,96
PGNP_2_PDRP18-APND,8.7643234375,17.895615099746163,-0.064915,23.86934,96
PGNP_2_PDRP19-APND,8.7643234375,17.895615099746166,-0.064915,23.86934,96
PGNP_2_PDRP20-APND,8.7643234375,17.895615099746163,-0.064915,23.86934,96
PGNP_2_PDRP21-APND,8.7643234375,17.89561509974616,-0.064915,23.86934,96
PGNP_2_PDRP22-APND,8.7643234375,17.89561509974616,-0.064915,23.86934,96
PGNP_2_PDRP23-APND,8.7643234375,17.895615099746163,-0.064915,23.86934,96
PGNP_2_PDRP24-APND,8.7643234375,17.89561509974616,-0.064915,23.86934,96
PGNP_2_PDRP25-APND,8.7643234375,17.895615099746166,-0.064915,23.86934,96
PGNP_2_PDRP26-APND,8.7643234375,17.895615099746163,-0.064915,23.86934,96
PGNP_2_PDRP27-APND,8.7643234375,17.895615099746163,-0.064915,23.86934,96
PGNP_2_PDRP28-APND,8.7643234375,17.895615099746163,-0.064915,23.86934,96
PGNP_2_PDRP29-APND,8.7643234375,17.895615099746166,-0.064915,23.86934,96
PGNP_2_PDRP30-APND,8.7643234375,17.895615099746163,-0.064915,23.86934,96
PGNP_2_PDRP31-APND,8.7643234375,17.89561509974616,-0.064915,23.86934,96
PGNP_2_PDRP33-APND,13.454880000000001,23.228227305222983,-1.0982579999999993,35.790658000000015,48
PGNP_2_PDRP34-APND,8.7643234375,17.89561509974616,-0.064915,23.86934,96
PGNP_2_PDRP39-APND,8.7643234375,17.895615099746166,-0.064915,23.86934,96
PGNP_2_PDRP40-APND,8.7643234375,17.89561509974616,-0.064915,23.86934,96
PGNP_2_PDRP41-APND,8.7643234375,17.895615099746166,-0.064915,23.86934,96
PGNP_2_PDRP42-APND,8.7643234375,17.89561509974616,-0.064915,23.86934,96
PGNP_2_PDRP43-APND,8.7643234375,17.89561509974616,-0.064915,23.86934,96
PGNP_2_PDRP44-APND,8.7643234375,17.895615099746163,-0.064915,23.86934,96
PGNP_2_PDRP45-APND,8.7643234375,17.895615099746163,-0.064915,23.86934,96
PGNP_2_PDRP46-APND,8.7643234375,17.89561509974616,-0.064915,23.86934,96
PGNP_2_PDRP47-APND,8.7643234375,17.895615099746163,-0.064915,23.86934,96
PGNP_2_PDRP48-APND,8.7643234375,17.895615099746163,-0.064915,23.86934,96
PGNP_2_PDRP49-APND,8.7643234375,17.895615099746166,-0.064915,23.86934,96
PGNP_2_PDRP50-APND,8.7643234375,17.895615099746163,-0.064915,23.86934,96
PGNP_2_PDRP53-APND,8.7643234375,17.895615099746163,-0.064915,23.86934,96
PGNP_2_PDRP54-APND,13.454880000000001,23.228227305222976,-1.0982579999999993,35.790658000000015,48
PGNP_2_PDRP55-APND,8.7643234375,17.895615099746163,-0.064915,23.86934,96
PGNP_2_PDRP56-APND,8.7643234375,17.89561509974616,-0.064915,23.86934,96
PGNP_2_PDRP60-APND,4.073766875,7.926573166593373,-0.063221,20.355188000000002,48
PGNP_2_PDRP73-APND,4.073766875,7.926573166593374,-0.063221,20.355188000000002,48
PGNP_2_RDRR02-APND,8.7643234375,17.895615099746166,-0.064915,23.86934,96
PGNP_2_RDRR03-APND,4.073766875,7.926573166593373,-0.063221,20.355188000000002,48
PGP2_2_PDRP05-APND,9.363711770833334,16.452266013574256,0.0,32.46782,96
PGP2_2_PDRP07-APND,9.363661979166666,16.452188662462003,0.0,32.467875,96
PGP2_2_PDRP08-APND,9.363661979166666,16.452188662462014,0.0,32.467875,96
PGP2_2_PDRP100-APND,4.666829375,8.013399035895246,0.0,21.277433000000002,48
PGP2_2_PDRP11-APND,4.666829375,8.013399035895246,0.0,21.277433000000002,48
PGP2_2_PDRP17-APND,9.363661979166666,16.452188662462007,0.0,32.467875,96
PGP2_2_PDRP18-APND,14.060494583333332,20.9244900806672,-1.1202209999999992,38.395326000000004,48
PGP2_2_PDRP22-APND,9.363661979166666,16.45218866246201,0.0,32.467875,96
PGP2_2_PDRP23-APND,9.363661979166666,16.452188662462007,0.0,32.467875,96
PGP2_2_PDRP24-APND,9.363661979166666,16.452188662462007,0.0,32.467875,96
PGP2_2_PDRP25-APND,9.363661979166666,16.452188662462007,0.0,32.467875,96
PGP2_2_PDRP26-APND,9.363661979166666,16.452188662462014,0.0,32.467875,96
PGP2_2_PDRP28-APND,9.363661979166666,16.45218866246201,0.0,32.467875,96
PGP2_2_PDRP29-APND,9.363661979166666,16.45218866246201,0.0,32.467875,96
PGP2_2_PDRP30-APND,9.363661979166666,16.452188662462,0.0,32.467875,96
PGP2_2_PDRP32-APND,9.363661979166666,16.452188662462003,0.0,32.467875,96
PGP2_2_PDRP33-APND,9.363661979166666,16.45218866246201,0.0,32.467875,96
PGP2_2_PDRP35-APND,9.363661979166666,16.452188662462,0.0,32.467875,96
PGP2_2_PDRP38-APND,9.363661979166666,16.45218866246201,0.0,32.467875,96
PGP2_2_PDRP42-APND,9.363661979166666,16.452188662462007,0.0,32.467875,96
PGP2_2_PDRP43-APND,9.363661979166666,16.452188662462007,0.0,32.467875,96
PGP2_2_PDRP44-APND,9.363661979166666,16.45218866246201,0.0,32.467875,96
PGP2_2_PDRP47-APND,9.363661979166666,16.45218866246201,0.0,32.467875,96
PGP2_2_PDRP48-APND,9.363661979166666,16.45218866246201,0.0,32.467875,96
PGP2_2_PDRP53-APND,9.363661979166666,16.452188662462007,0.0,32.467875,96
PGP2_2_PDRP54-APND,9.363661979166666,16.452188662462007,0.0,32.467875,96
PGP2_2_PDRP55-APND,9.363661979166666,16.45218866246201,0.0,32.467875,96
PGP2_2_PDRP56-APND,9.363661979166666,16.452188662462007,0.0,32.467875,96
PGP2_2_PDRP58-APND,8.88699861111111,16.82777612803236,0.0,34.46258199999998,72
PGP2_2_PDRP60-APND,9.363661979166666,16.452188662462007,0.0,32.467875,96
PGP2_2_PDRP61-APND,9.363661979166666,16.45218866246201,0.0,32.467875,96
PGP2_2_PDRP62-APND,9.363661979166666,16.452188662462003,0.0,32.467875,96
PGP2_2_PDRP63-APND,9.363661979166666,16.452188662462007,0.0,32.467875,96
PGP2_2_PDRP64-APND,8.88699861111111,16.82777612803235,0.0,34.46258199999998,72
PGP2_2_PDRP65-APND,9.363661979166666,16.452188662462003,0.0,32.467875,96
PGP2_2_PDRP66-APND,14.060494583333332,20.924490080667212,-1.1202209999999992,38.395326000000004,48
PGP2_2_PDRP67-APND,9.363661979166666,16.452188662462007,0.0,32.467875,96
PGP2_2_PDRP68-APND,9.363661979166666,16.452188662462007,0.0,32.467875,96
PGP2_2_PDRP69-APND,9.363661979166666,16.452188662462007,0.0,32.467875,96
PGP2_2_PDRP71-APND,6.709103611111111,11.359662409356385,-0.05272199999999997,26.044441,72
PGSB_1_PDRP04-APND,9.398871666666667,16.541778367113007,0.0,32.394535000000005,96
PGSB_1_PDRP08-APND,9.398871666666667,16.541778367113007,0.0,32.394535000000005,96
PGSB_1_PDRP10-APND,9.398871666666667,16.541778367113004,0.0,32.394535000000005,96
PGSB_1_PDRP101-APND,9.398871666666667,16.541778367113007,0.0,32.394535000000005,96
PGSB_1_PDRP102-APND,9.398871666666667,16.541778367113007,0.0,32.394535000000005,96
PGSB_1_PDRP103-APND,9.398871666666667,16.541778367113,0.0,32.394535000000005,96
PGSB_1_PDRP104-APND,9.398871666666667,16.541778367113007,0.0,32.394535000000005,96
PGSB_1_PDRP105-APND,4.666215416666667,8.041421794816697,0.0,21.324836,48
PGSB_1_PDRP11-APND,9.398871666666667,16.541778367113004,0.0,32.394535000000005,96
PGSB_1_PDRP111-APND,4.666215416666667,8.0414217948167,0.0,21.324836,48
PGSB_1_PDRP17-APND,9.398871666666667,16.541778367113007,0.0,32.394535000000005,96
PGSB_1_PDRP18-APND,4.666215416666667,8.041421794816697,0.0,21.324836,48
PGSB_1_PDRP24-APND,4.666215416666667,8.0414217948167,0.0,21.324836,48
PGSB_1_PDRP29-APND,9.398871666666667,16.541778367113007,0.0,32.394535000000005,96
PGSB_1_PDRP30-APND,9.398871666666667,16.541778367113,0.0,32.394535000000005,96
PGSB_1_PDRP31-APND,9.398871666666667,16.541778367113004,0.0,32.394535000000005,96
PGSB_1_PDRP32-APND,9.398871666666667,16.541778367113004,0.0,32.394535000000005,96
PGSB_1_PDRP33-APND,9.398871666666667,16.541778367113,0.0,32.394535000000005,96
PGSB_1_PDRP34-APND,9.398871666666667,16.541778367113007,0.0,32.394535000000005,96
PGSB_1_PDRP35-APND,9.398871666666667,16.541778367113004,0.0,32.394535000000005,96
PGSB_1_PDRP36-APND,9.398871666666667,16.541778367113004,0.0,32.394535000000005,96
PGSB_1_PDRP42-APND,9.398871666666667,16.541778367113007,0.0,32.394535000000005,96
PGSB_1_PDRP43-APND,9.398871666666667,16.541778367113004,0.0,32.394535000000005,96
PGSB_1_PDRP44-APND,9.398871666666667,16.541778367113007,0.0,32.394535000000005,96
PGSB_1_PDRP45-APND,9.398871666666667,16.541778367113004,0.0,32.394535000000005,96
PGSB_1_PDRP46-APND,9.398871666666667,16.541778367113,0.0,32.394535000000005,96
PGSB_1_PDRP47-APND,9.398871666666667,16.541778367113004,0.0,32.394535000000005,96
PGSB_1_PDRP48-APND,9.398871666666667,16.541778367113,0.0,32.394535000000005,96
PGSB_1_PDRP49-APND,9.398871666666667,16.541778367113004,0.0,32.394535000000005,96
PGSB_1_PDRP50-APND,9.398871666666667,16.541778367113,0.0,32.394535000000005,96
PGSB_1_PDRP51-APND,9.398871666666667,16.541778367113,0.0,32.394535000000005,96
PGSB_1_PDRP52-APND,9.398871666666667,16.541778367113007,0.0,32.394535000000005,96
PGSB_1_PDRP53-APND,9.398871666666667,16.541778367113004,0.0,32.394535000000005,96
PGSB_1_PDRP54-APND,9.398871666666667,16.541778367113004,0.0,32.394535000000005,96
PGSB_1_PDRP55-APND,9.398871666666667,16.541778367113004,0.0,32.394535000000005,96
PGSB_1_PDRP56-APND,9.398871666666667,16.541778367113007,0.0,32.394535000000005,96
PGSB_1_PDRP57-APND,9.398871666666667,16.541778367113004,0.0,32.394535000000005,96
PGSB_1_PDRP58-APND,9.398871666666667,16.541778367113004,0.0,32.394535000000005,96
PGSB_1_PDRP60-APND,9.398871666666667,16.541778367113,0.0,32.394535000000005,96
PGSB_1_PDRP63-APND,9.398871666666667,16.541778367113,0.0,32.394535000000005,96
PGSB_1_PDRP64-APND,9.398871666666667,16.541778367113007,0.0,32.394535000000005,96
PGSB_1_PDRP66-APND,9.398871666666667,16.541778367113004,0.0,32.394535000000005,96
PGSB_1_PDRP67-APND,9.398871666666667,16.541778367113004,0.0,32.394535000000005,96
PGSB_1_PDRP68-APND,9.398871666666667,16.541778367113007,0.0,32.394535000000005,96
PGSB_1_PDRP69-APND,9.398871666666667,16.541778367113004,0.0,32.394535000000005,96
PGSB_1_PDRP70-APND,9.398871666666667,16.541778367113004,0.0,32.394535000000005,96
PGSB_1_PDRP71-APND,9.398871666666667,16.541778367113,0.0,32.394535000000005,96
PGSB_1_PDRP72-APND,9.398871666666667,16.541778367113004,0.0,32.394535000000005,96
PGSB_1_PDRP73-APND,9.398871666666667,16.541778367113007,0.0,32.394535000000005,96
PGSB_1_PDRP74-APND,9.398871666666667,16.541778367113004,0.0,32.394535000000005,96
PGSB_1_PDRP76-APND,9.398871666666667,16.541778367113007,0.0,32.394535000000005,96
PGSB_1_PDRP77-APND,9.398871666666667,16.541778367113,0.0,32.394535000000005,96
PGSB_1_PDRP78-APND,9.398871666666667,16.541778367113004,0.0,32.394535000000005,96
PGSB_1_PDRP83-APND,9.398871666666667,16.541778367113004,0.0,32.394535000000005,96
PGSB_1_PDRP87-APND,9.398871666666667,16.541778367113004,0.0,32.394535000000005,96
PGSB_1_PDRP89-APND,9.398871666666667,16.541778367113004,0.0,32.394535000000005,96
PGSB_1_PDRP90-APND,9.398871666666667,16.541778367113,0.0,32.394535000000005,96
PGSB_1_PDRP91-APND,9.398871666666667,16.541778367113004,0.0,32.394535000000005,96
PGSB_1_PDRP92-APND,9.398871666666667,16.541778367113007,0.0,32.394535000000005,96
PGSB_1_PDRP93-APND,9.398871666666667,16.541778367113,0.0,32.394535000000005,96
PGSB_1_PDRP94-APND,9.398871666666667,16.541778367112997,0.0,32.394535000000005,96
PGSB_1_PDRP95-APND,9.398871666666667,16.541778367113004,0.0,32.394535000000005,96
PGSB_1_PDRP96-APND,9.398871666666667,16.541778367113004,0.0,32.394535000000005,96
PGSB_1_PDRP97-APND,9.398871666666667,16.541778367113004,0.0,32.394535000000005,96
PGSB_1_PDRP99-APND,14.131527916666668,21.039704000896194,-1.1202209999999992,38.555780000000006,48
PGSB_1_PDRPCON01-APND,9.398871666666667,16.541778367113004,0.0,32.394535000000005,96
PGSB_1_PDRPCUR01-APND,9.398871666666667,16.541778367113007,0.0,32.394535000000005,96
PGSB_1_RDRR02-APND,9.398871666666667,16.541778367113004,0.0,32.394535000000005,96
PGSF_2_PDRP03-APND,9.647162708333333,17.3013452018761,0.0,31.370185,96
PGSF_2_PDRP04-APND,9.647162708333333,17.301345201876096,0.0,31.370185,96
PGSF_2_PDRP08-APND,9.647162708333333,17.3013452018761,0.0,31.370185,96
PGSF_2_PDRP100-APND,4.7257299999999995,8.362333276003111,0.0,22.205635,48
PGSF_2_PDRP12-APND,9.647162708333333,17.301345201876096,0.0,31.370185,96
PGSF_2_PDRP18-APND,9.647162708333333,17.3013452018761,0.0,31.370185,96
PGSF_2_PDRP19-APND,9.647162708333333,17.301345201876092,0.0,31.370185,96
PGSF_2_PDRP20-APND,9.647162708333333,17.301345201876096,0.0,31.370185,96
PGSF_2_PDRP21-APND,9.647162708333333,17.301345201876092,0.0,31.370185,96
PGSF_2_PDRP215-APND,8.932829166666666,10.244232694516,-0.04183199999999998,22.962011999999998,24
PGSF_2_PDRP22-APND,9.647162708333333,17.301345201876096,0.0,31.370185,96
PGSF_2_PDRP23-APND,9.647162708333333,17.3013452018761,0.0,31.370185,96
PGSF_2_PDRP26-APND,9.647162708333333,17.301345201876096,0.0,31.370185,96
PGSF_2_PDRP27-APND,9.647162708333333,17.301345201876096,0.0,31.370185,96
PGSF_2_PDRP28-APND,9.647162708333333,17.30134520187609,0.0,31.370185,96
PGSF_2_PDRP29-APND,9.647162708333333,17.301345201876096,0.0,31.370185,96
PGSF_2_PDRP33-APND,9.647162708333333,17.301345201876096,0.0,31.370185,96
PGSF_2_PDRP34-APND,9.647162708333333,17.301345201876092,0.0,31.370185,96
PGSF_2_PDRP35-APND,9.647162708333333,17.301345201876092,0.0,31.370185,96
PGSF_2_PDRP36-APND,9.647162708333333,17.301345201876092,0.0,31.370185,96
PGSF_2_PDRP37-APND,9.647162708333333,17.301345201876096,0.0,31.370185,96
PGSF_2_PDRP38-APND,9.647162708333333,17.301345201876096,0.0,31.370185,96
PGSF_2_PDRP39-APND,9.647162708333333,17.301345201876096,0.0,31.370185,96
PGSF_2_PDRP46-APND,9.647162708333333,17.301345201876092,0.0,31.370185,96
PGSF_2_PDRP49-APND,9.647162708333333,17.301345201876096,0.0,31.370185,96
PGSF_2_PDRP50-APND,9.647162708333333,17.3013452018761,0.0,31.370185,96
PGSF_2_PDRP51-APND,9.647162708333333,17.3013452018761,0.0,31.370185,96
PGSF_2_PDRP52-APND,9.647162708333333,17.3013452018761,0.0,31.370185,96
PGSF_2_PDRP53-APND,9.647162708333333,17.301345201876096,0.0,31.370185,96
PGSF_2_PDRP54-APND,9.647162708333333,17.301345201876096,0.0,31.370185,96
PGSF_2_PDRP56-APND,9.647162708333333,17.3013452018761,0.0,31.370185,96
PGSF_2_PDRP57-APND,9.647162708333333,17.3013452018761,0.0,31.370185,96
PGSF_2_PDRP58-APND,9.647162708333333,17.3013452018761,0.0,31.370185,96
PGSI_1_PDRP02-APND,16.8682640625,31.139144540633293,0.0,35.69666,96
PGSI_1_PDRP04-APND,30.32557125,52.081190755252045,0.0,102.78460699999998,24
PGSI_1_PDRP09-APND,16.8682640625,31.139144540633282,0.0,35.69666,96
PGSI_1_PDRP10-APND,16.8682640625,31.139144540633293,0.0,35.69666,96
PGSI_1_PDRP100-APND,19.202751250000002,38.71503733783139,0.0,37.52646700000002,48
PGSI_1_PDRP101-APND,16.8682640625,31.139144540633286,0.0,35.69666,96
PGSI_1_PDRP109-APND,19.202751250000002,38.715037337831404,0.0,37.52646700000002,48
PGSI_1_PDRP11-APND,16.8682640625,31.139144540633286,0.0,35.69666,96
PGSI_1_PDRP12-APND,16.8682640625,31.13914454063329,0.0,35.69666,96
PGSI_1_PDRP13-APND,19.202751250000002,38.715037337831404,0.0,37.52646700000002,48
PGSI_1_PDRP15-APND,16.8682640625,31.139144540633282,0.0,35.69666,96
PGSI_1_PDRP16-APND,16.8682640625,31.13914454063329,0.0,35.69666,96
PGSI_1_PDRP17-APND,16.8682640625,31.139144540633286,0.0,35.69666,96
PGSI_1_PDRP20-APND,16.8682640625,31.13914454063329,0.0,35.69666,96
PGSI_1_PDRP21-APND,16.8682640625,31.139144540633293,0.0,35.69666,96
PGSI_1_PDRP22-APND,16.8682640625,31.139144540633286,0.0,35.69666,96
PGSI_1_PDRP23-APND,16.8682640625,31.139144540633286,0.0,35.69666,96
PGSI_1_PDRP24-APND,16.8682640625,31.13914454063329,0.0,35.69666,96
PGSI_1_PDRP25-APND,16.8682640625,31.13914454063328,0.0,35.69666,96
PGSI_1_PDRP26-APND,16.8682640625,31.139144540633282,0.0,35.69666,96
PGSI_1_PDRP27-APND,16.8682640625,31.139144540633282,0.0,35.69666,96
PGSI_1_PDRP28-APND,16.8682640625,31.139144540633286,0.0,35.69666,96
PGSI_1_PDRP29-APND,16.8682640625,31.139144540633282,0.0,35.69666,96
PGSI_1_PDRP31-APND,16.8682640625,31.139144540633282,0.0,35.69666,96
PGSI_1_PDRP33-APND,16.8682640625,31.139144540633282,0.0,35.69666,96
PGSI_1_PDRP35-APND,16.8682640625,31.139144540633282,0.0,35.69666,96
PGSI_1_PDRP36-APND,16.8682640625,31.139144540633293,0.0,35.69666,96
PGSI_1_PDRP37-APND,16.8682640625,31.139144540633286,0.0,35.69666,96
PGSI_1_PDRP40-APND,16.8682640625,31.13914454063329,0.0,35.69666,96
PGSI_1_PDRP42-APND,16.8682640625,31.13914454063329,0.0,35.69666,96
PGSI_1_PDRP43-APND,16.8682640625,31.13914454063329,0.0,35.69666,96
PGSI_1_PDRP44-APND,16.8682640625,31.13914454063329,0.0,35.69666,96
PGSI_1_PDRP45-APND,16.8682640625,31.13914454063329,0.0,35.69666,96
PGSI_1_PDRP46-APND,16.8682640625,31.139144540633286,0.0,35.69666,96
PGSI_1_PDRP48-APND,16.8682640625,31.139144540633282,0.0,35.69666,96
PGSI_1_PDRP49-APND,16.8682640625,31.139144540633275,0.0,35.69666,96
PGSI_1_PDRP51-APND,16.8682640625,31.139144540633293,0.0,35.69666,96
PGSI_1_PDRP52-APND,14.533776875000001,21.21173575321195,0.0,34.980939,48
PGSI_1_PDRP59-APND,16.4328225,32.47208694809877,0.0,30.994689999999995,72
PGSI_1_RDRR02-APND,16.8682640625,31.13914454063329,0.0,35.69666,96
PGST_2_PDRP01-APND,10.572260729166667,18.63366974046657,-0.09818,34.951229999999995,96
PGST_2_PDRP02-APND,7.540236458333333,12.966420389882783,-0.09888099999999998,24.061910000000005,48
PGST_2_PDRP03-APND,10.572260729166667,18.63366974046657,-0.09818,34.951229999999995,96
PGST_2_PDRP04-APND,7.540236458333333,12.966420389882785,-0.09888099999999998,24.061910000000005,48
PGST_2_PDRP05-APND,7.540236458333333,12.966420389882785,-0.09888099999999998,24.061910000000005,48
PGST_2_PDRP07-APND,10.572260729166667,18.63366974046657,-0.09818,34.951229999999995,96
PGST_2_PDRP08-APND,10.572260729166667,18.63366974046657,-0.09818,34.951229999999995,96
PGST_2_PDRP09-APND,10.572260729166667,18.633669740466562,-0.09818,34.951229999999995,96
PGST_2_PDRP10-APND,10.572260729166667,18.63366974046657,-0.09818,34.951229999999995,96
PGST_2_PDRP11-APND,10.572260729166667,18.63366974046657,-0.09818,34.951229999999995,96
PGST_2_PDRP13-APND,10.572260729166667,18.633669740466576,-0.09818,34.951229999999995,96
PGST_2_PDRP14-APND,10.572260729166667,18.63366974046657,-0.09818,34.951229999999995,96
PGST_2_PDRP15-APND,10.572260729166667,18.63366974046656,-0.09818,34.951229999999995,96
PGST_2_PDRP16-APND,10.572260729166667,18.63366974046657,-0.09818,34.951229999999995,96
PGST_2_PDRP17-APND,10.572260729166667,18.63366974046657,-0.09818,34.951229999999995,96
PGST_2_PDRP22-APND,10.572260729166667,18.63366974046657,-0.09818,34.951229999999995,96
PGST_2_PDRP30-APND,10.572260729166667,18.63366974046657,-0.09818,34.951229999999995,96
PGST_2_PDRP31-APND,10.572260729166667,18.633669740466573,-0.09818,34.951229999999995,96
PGST_2_PDRP32-APND,10.572260729166667,18.63366974046657,-0.09818,34.951229999999995,96
PGST_2_PDRP33-APND,10.572260729166667,18.63366974046657,-0.09818,34.951229999999995,96
PGST_2_PDRP34-APND,10.572260729166667,18.63366974046657,-0.09818,34.951229999999995,96
PGST_2_PDRP35-APND,10.572260729166667,18.63366974046657,-0.09818,34.951229999999995,96
PGST_2_PDRP36-APND,10.572260729166667,18.633669740466566,-0.09818,34.951229999999995,96
PGST_2_PDRP37-APND,10.572260729166667,18.63366974046657,-0.09818,34.951229999999995,96
PGST_2_PDRP38-APND,10.572260729166667,18.63366974046657,-0.09818,34.951229999999995,96
PGST_2_PDRP39-APND,10.572260729166667,18.63366974046657,-0.09818,34.951229999999995,96
PGST_2_PDRP40-APND,7.540236458333333,12.966420389882783,-0.09888099999999998,24.061910000000005,48
PGST_2_PDRP41-APND,7.540236458333333,12.966420389882783,-0.09888099999999998,24.061910000000005,48
PGST_2_PDRP49-APND,13.604284999999999,22.69161125968005,-0.03815099999999998,36.49179000000001,48
PGST_2_PDRP60-APND,7.540236458333333,12.966420389882785,-0.09888099999999998,24.061910000000005,48
PGST_2_RDRR01-APND,10.572260729166667,18.63366974046657,-0.09818,34.951229999999995,96
PGZP_2_PDRP01-APND,-3.4419960416666666,7.0369844263188615,-19.520203,0.0,48
PGZP_2_PDRP02-APND,-4.409361458333334,10.03654644662448,-19.16341,0.0,96
PGZP_2_PDRP03-APND,-3.4419960416666666,7.036984426318862,-19.520203,0.0,48
PGZP_2_PDRP04-APND,-3.4419960416666666,7.036984426318862,-19.520203,0.0,48
PGZP_2_PDRP07-APND,-4.409361458333334,10.036546446624481,-19.16341,0.0,96
PGZP_2_PDRP08-APND,-4.409361458333334,10.036546446624481,-19.16341,0.0,96
PGZP_2_PDRP09-APND,-4.409361458333334,10.036546446624481,-19.16341,0.0,96
PGZP_2_PDRP10-APND,-4.409361458333334,10.03654644662448,-19.16341,0.0,96
PGZP_2_PDRP101-APND,-4.533117916666666,16.55855336134982,-35.246232,4.515701999999999,24
PGZP_2_PDRP11-APND,-4.409361458333334,10.036546446624477,-19.16341,0.0,96
PGZP_2_PDRP13-APND,-3.4419960416666666,7.036984426318862,-19.520203,0.0,48
PGZP_2_PDRP15-APND,-4.409361458333334,10.036546446624477,-19.16341,0.0,96
PGZP_2_PDRP16-APND,-4.409361458333334,10.03654644662448,-19.16341,0.0,96
PGZP_2_PDRP17-APND,-4.409361458333334,10.036546446624477,-19.16341,0.0,96
PGZP_2_PDRP18-APND,-4.409361458333334,10.036546446624481,-19.16341,0.0,96
PGZP_2_PDRP19-APND,-4.409361458333334,10.036546446624481,-19.16341,0.0,96
PGZP_2_PDRP20-APND,-4.409361458333334,10.036546446624483,-19.16341,0.0,96
PGZP_2_PDRP21-APND,-4.409361458333334,10.036546446624483,-19.16341,0.0,96
PGZP_2_PDRP22-APND,-4.409361458333334,10.036546446624483,-19.16341,0.0,96
PGZP_2_PDRP24-APND,-4.409361458333334,10.036546446624477,-19.16341,0.0,96
PGZP_2_PDRP25-APND,-4.409361458333334,10.036546446624481,-19.16341,0.0,96
PGZP_2_PDRP26-APND,-4.409361458333334,10.03654644662448,-19.16341,0.0,96
PGZP_2_PDRP27-APND,-4.409361458333334,10.036546446624477,-19.16341,0.0,96
PGZP_2_PDRP28-APND,-4.409361458333334,10.036546446624481,-19.16341,0.0,96
PGZP_2_PDRP29-APND,-4.409361458333334,10.03654644662448,-19.16341,0.0,96
PGZP_2_PDRP30-APND,-4.409361458333334,10.036546446624481,-19.16341,0.0,96
PGZP_2_PDRP31-APND,-4.409361458333334,10.036546446624477,-19.16341,0.0,96
PGZP_2_PDRP32-APND,-4.409361458333334,10.036546446624483,-19.16341,0.0,96
PGZP_2_PDRP33-APND,-4.409361458333334,10.036546446624477,-19.16341,0.0,96
PGZP_2_PDRP34-APND,-4.409361458333334,10.036546446624477,-19.16341,0.0,96
PGZP_2_PDRP35-APND,-4.409361458333334,10.036546446624483,-19.16341,0.0,96
PGZP_2_PDRP36-APND,-4.409361458333334,10.03654644662448,-19.16341,0.0,96
PGZP_2_PDRP37-APND,-4.409361458333334,10.036546446624477,-19.16341,0.0,96
PGZP_2_PDRP40-APND,-4.409361458333334,10.036546446624477,-19.16341,0.0,96
PGZP_2_PDRP41-APND,-4.409361458333334,10.03654644662448,-19.16341,0.0,96
PGZP_2_PDRP42-APND,-4.409361458333334,10.036546446624481,-19.16341,0.0,96
PGZP_2_PDRP43-APND,-4.409361458333334,10.036546446624483,-19.16341,0.0,96
PGZP_2_PDRP44-APND,-4.409361458333334,10.036546446624477,-19.16341,0.0,96
PGZP_2_PDRP45-APND,-4.409361458333334,10.036546446624483,-19.16341,0.0,96
PGZP_2_PDRP48-APND,-5.376726875,12.336012573249201,-16.527755,0.09547800000000135,48
PGZP_2_PDRP49-APND,-4.409361458333334,10.03654644662448,-19.16341,0.0,96
PGZP_2_PDRP50-APND,-4.3681093055555555,6.779010872239738,-17.164205,0.0,72
PGZP_2_PDRP51-APND,-4.409361458333334,10.03654644662448,-19.16341,0.0,96
PGZP_2_PDRP61-APND,-3.4419960416666666,7.036984426318863,-19.520203,0.0,48
PGZP_2_PDRP99-APND,-3.4419960416666666,7.036984426318862,-19.520203,0.0,48
PGZP_2_RDRR04-APND,-4.409361458333334,10.036546446624483,-19.16341,0.0,96
PHELPS_1_PD_NCL-APND,0.0,0.0,0.0,0.0,96
PHP_7_UNIT1-2-APND,0.0,0.0,0.0,0.0,96
PINFLT_7_UNITS-APND,-2.199439791666667,13.569691666681457,-16.523355,7.767835,96
PIT3_7_PL1X3-APND,7.403228333333334,17.4205701081369,-3.2196249999999997,19.941195,96
PIT4_7_PL1X2-APND,5.956527395833334,18.53748169427826,-7.593030000000001,19.82742,96
PIT5_7_PL1X2-APND,7.254364791666667,17.466910609236812,-3.64949,19.82742,96
PIT5_7_PL3X4-APND,7.254364791666667,17.466910609236802,-3.64949,19.82742,96
PLX_5_PLSTS-APND,0.0,0.0,0.0,0.0,96
PNCHEG_2_PL1X4-APND,-3.8624705208333334,20.900132284212855,-24.31221,10.472115,96
PNCHPP_1_PL1X2-APND,-3.730966458333333,20.35998190347479,-23.12948,10.414945,96
PNCHVS_2_SOLAR-APND,-5.745907916666667,20.332251738041887,-28.07496,3.12026,96
PNM_AFTON345_EPE-APND,0.0,0.0,0.0,0.0,96
PNM_AIRPORT115_EPE-APND,0.0,0.0,0.0,0.0,96
PNM_AMRAD115_EPE-APND,0.0,0.0,0.0,0.0,96
PNM_FOURCORNE345_PNM-APND,0.0,0.0,0.0,0.0,96
PNM_HIDALGO345_EPE-APND,0.0,0.0,0.0,0.0,96
PNM_LASCRCS115_EPE-APND,0.0,0.0,0.0,0.0,96
PNM_LUNA345_EPE-APND,0.0,0.0,0.0,0.0,96
PNM_LUNA345_TEPC-APND,0.0,0.0,0.0,0.0,96
PNM_MCKINLEY345_TEPC-APND,0.0,0.0,0.0,0.0,96
PNM_OROGRANDE115_EPE-APND,0.0,0.0,0.0,0.0,96
PNM_PICACHO115_EPE-APND,0.0,0.0,0.0,0.0,96
PNM_SJ345_TEPC-APND,0.0,0.0,0.0,0.0,96
PNM_SPRINGER345_TEPC-APND,0.0,0.0,0.0,0.0,96
PNM_WM345_EPE-APND,0.0,0.0,0.0,0.0,96
PNOCHE_1_PL1X2-APND,-3.750149270833333,20.32947643418954,-23.02253,10.205745,96
PNP-RBP_2_PELRB-APND,0.0,0.0,0.0,0.0,96
POD_ACACIA_6_SOLAR-APND,-5.645958125,11.538681298959359,-16.291305,0.0,96
POD_ADERA_1_SOLAR1-APND,-26.3249696875,42.297653765325826,-99.91530499999999,0.0,96
POD_ADLIN_1_UNITS-APND,9.172009895833334,25.49355355586132,-11.424775,34.679565,96
POD_ADMEST_6_SOLAR-APND,-10.012754062499999,20.41848512592154,-37.56466,0.801885,96
POD_AGRICO_6_PL3N5-APND,-2.7351409375,17.126666959516122,-17.907815,11.159575,96
POD_AGRICO_7_UNIT-APND,-2.7351409375,17.126666959516125,-17.907815,11.159575,96
POD_ALAMIT_2_PL1X3-APND,-3.9982562500000003,11.643508269022364,-12.03011,0.0,96
POD_ALAMIT_7_UNIT 5-APND,-3.9982562500000003,11.643508269022364,-12.03011,0.0,96
POD_ALTA3A_2_CPCE4-APND,-5.804293958333333,11.777282337515233,-16.420365,0.0,96
POD_ALTA3A_2_CPCE5-APND,-5.804293958333333,11.777282337515233,-16.420365,0.0,96
POD_ALTA4A_2_CPCW1-APND,-5.804293958333333,11.777282337515237,-16.420365,0.0,96
POD_ALTA4B_2_CPCW2-APND,-5.804293958333333,11.777282337515242,-16.420365,0.0,96
POD_ALTA4B_2_CPCW3-APND,-5.804293958333333,11.777282337515233,-16.420365,0.0,96
POD_ALTA6B_2_WIND11-APND,-5.804293958333333,11.777282337515237,-16.420365,0.0,96
POD_ALTA6E_2_WIND10-APND,-5.804293958333333,11.777282337515237,-16.420365,0.0,96
POD_APACHE_2_ST3ID-APND,0.0,0.0,0.0,0.0,96
POD_ARBWD_6_QF-APND,-5.804293958333333,11.777282337515238,-16.420365,0.0,96
POD_ARCOGN_2_UNITS-APND,-3.594078229166666,12.783723924930479,-14.887629999999998,0.0,96
POD_ARVINN_6_ORION1-APND,-5.9522047916666665,10.341777398813226,-16.597575,0.0,96
POD_ARVINN_6_ORION2-APND,-5.9522047916666665,10.341777398813232,-16.597575,0.0,96
POD_ASTORA_2_SOLAR1-APND,-5.867137916666667,11.873168137054677,-17.874145,0.0,96
POD_ASTORA_2_SOLAR2-APND,-5.867137916666667,11.873168137054677,-17.874145,0.0,96
POD_BALCHS_7_UNIT 1-APND,-0.3826572916666668,13.94024247305661,-11.63157,10.896205,96
POD_BALCHS_7_UNIT 2-APND,-2.199439791666667,13.569691666681454,-16.523355,7.767835,96
POD_BALCHS_7_UNIT 3-APND,-2.199439791666667,13.569691666681454,-16.523355,7.767835,96
POD_BASICE_2_UNITS-APND,1.8788784375,12.692138009832398,-6.22716,21.709850000000003,96
POD_BDGRCK_1_UNITS-APND,-5.952325833333333,10.341099053140763,-16.597575,0.0,96
POD_BEARMT_1_UNIT-APND,-2.8473268750000003,26.49792354239587,-16.597575,0.0,96
POD_BGSKYN_2_AS2SR1-APND,-5.595848020833333,11.505311007461467,-15.694980000000001,0.0,96
POD_BGSKYN_2_ASPSR2-APND,-5.595848020833333,11.505311007461465,-15.694980000000001,0.0,96
POD_BGSKYN_2_BS3SR3-APND,-5.595848020833333,11.505311007461463,-15.694980000000001,0.0,96
POD_BIGCRK_2_EXESWD-APND,-4.889854583333333,11.610572193428931,-15.50924,0.0,96
POD_BIGSKY_2_BSKSR6-APND,-5.595848020833333,11.505311007461465,-15.694980000000001,0.0,96
POD_BIGSKY_2_BSKSR7-APND,-5.595848020833333,11.505311007461467,-15.694980000000001,0.0,96
POD_BIGSKY_2_BSKSR8-APND,-5.595848020833333,11.505311007461465,-15.694980000000001,0.0,96
POD_BIGSKY_2_SOLAR1-APND,-5.595848020833333,11.505311007461467,-15.694980000000001,0.0,96
POD_BIGSKY_2_SOLAR2-APND,-5.595848020833333,11.505311007461462,-15.694980000000001,0.0,96
POD_BIGSKY_2_SOLAR3-APND,-5.595848020833333,11.505311007461465,-15.694980000000001,0.0,96
POD_BIGSKY_2_SOLAR4-APND,-5.595848020833333,11.505311007461469,-15.694980000000001,0.0,96
POD_BIGSKY_2_SOLAR6-APND,-5.595848020833333,11.505311007461467,-15.694980000000001,0.0,96
POD_BIGSKY_2_SOLAR7-APND,-5.595848020833333,11.505311007461465,-15.694980000000001,0.0,96
POD_BIOMAS_1_UNIT 1-APND,15.522573229166667,30.506927939204974,-1.264685,47.25103,96
POD_BISHOP_1_ALAMO-APND,-17.192414166666666,42.58983602652911,-33.295500000000004,0.0,96
POD_BISHOP_1_UNITS-APND,-21.656887708333333,46.776051129524035,-93.46558999999999,0.0,96
POD_BLACK_7_UNIT 1-APND,7.254364791666667,17.46691060923681,-3.64949,19.82742,96
POD_BLACK_7_UNIT 2-APND,7.254364791666667,17.46691060923681,-3.64949,19.82742,96
POD_BLAST_1_WIND-APND,-3.4788260416666668,8.11365475097803,-9.2248,0.0,96
POD_BLKCRK_2_SOLAR1-APND,-6.508996354166666,17.151938202334428,-10.683530000000001,0.0,96
POD_BLM_2_UNITS-APND,-4.804141041666667,10.404609845064527,-11.633565,0.0,96
POD_BORDER_6_UNITA1-APND,-3.646250208333333,11.15226511364584,-9.71223,1.613685,96
POD_BRDGVL_7_BAKER-APND,26.703641770833332,92.11738223019259,0.0,25.480915,96
POD_BUCKBL_2_PL1X3-APND,-3.7888163541666664,8.359959027511927,-9.703125,0.0,96
POD_BUCKCK_7_PL1X2-APND,5.102540104166667,20.178485654326277,-10.67922,21.928455,96
POD_BUCKWD_1_QF-APND,-3.4788260416666668,8.113654750978032,-9.2248,0.0,96
POD_BUTTVL_7_UNIT 1-APND,7.573913958333333,17.38578588124978,-1.8374700000000002,21.314055,96
POD_CABZON_1_WINDA1-APND,-3.4788260416666668,8.113654750978032,-9.2248,0.0,96
POD_CALFTN_2_SOLAR-APND,-2.9497533333333332,10.411907941409321,-20.15674,0.663425,96
POD_CALFTS_2_CFSSR1-APND,-2.9497533333333332,10.411907941409321,-20.15674,0.663425,96
POD_CALGEN_1_UNITS-APND,-12.266014375,39.862464437093855,-27.52033,0.235615,96
POD_CAMLOT_2_SOLAR1-APND,-5.804293958333333,11.777282337515238,-16.420365,0.0,96
POD_CAMLOT_2_SOLAR2-APND,-5.804293958333333,11.777282337515237,-16.420365,0.0,96
POD_CAMPFW_7_FARWST-APND,7.3994800000000005,17.59142757519935,-0.95448,24.0757,96
POD_CARBOU_7_PL4X5-APND,8.146135416666667,17.445716961480674,-0.06659000000000001,21.53297,96
POD_CARLS1_2_CARCT1-APND,-4.175179166666667,10.414193770511844,-11.287165,0.0,96
POD_CARLS2_1_CARCT1-APND,-4.229103020833333,10.569028222806494,-11.287165,0.0,96
POD_CATLNA_2_SOLAR2-APND,-5.867137916666667,11.873168137054678,-17.874145,0.0,96
POD_CEDUCR_2_SOLAR1-APND,-4.889854583333333,11.610572193428931,-15.50924,0.0,96
POD_CEDUCR_2_SOLAR2-APND,-4.889854583333333,11.610572193428933,-15.50924,0.0,96
POD_CEDUCR_2_SOLAR3-APND,-4.889854583333333,11.610572193428931,-15.50924,0.0,96
POD_CEDUCR_2_SOLAR4-APND,-4.889854583333333,11.610572193428931,-15.50924,0.0,96
POD_CENTRY_6_PL1X4-APND,-4.233834270833333,9.388903318821331,-11.65864,0.0,96
POD_CHALK_1_UNIT-APND,-5.834881458333334,10.354833977476666,-16.597575,0.0,96
POD_CHICPK_7_UNIT 1-APND,22.314261875,42.70441016195795,0.0,49.098479999999995,96
POD_CHWCHL_1_UNIT-APND,1.37354875,12.318913716862951,-8.15212,14.4749,96
POD_CH_2_CHST1MSG-APND,0.0,0.0,0.0,0.0,96
POD_CH_5_CHST3MSG-APND,0.0,0.0,0.0,0.0,96
POD_CNTNLA_2_SOLAR1-APND,-4.651452395833333,10.475887553513768,-10.776399999999999,0.0,96
POD_CNTNLA_2_SOLAR2-APND,-4.651452395833333,10.47588755351377,-10.776399999999999,0.0,96
POD_COLEMN_2_UNIT-APND,7.893626145833333,17.355381822984345,-0.033615,20.565640000000002,96
POD_COLGAT_7_UNIT 1-APND,7.622854687499999,17.448515189402162,-0.62041,21.2942,96
POD_COLGAT_7_UNIT 2-APND,7.622854687499999,17.44851518940216,-0.62041,21.2942,96
POD_COLTON_6_AGUAM1-APND,-4.233834270833333,9.388903318821333,-11.65864,0.0,96
POD_COLUSA_2_PL1X3-APND,7.817216458333333,18.1971997318109,-3.14471,21.52581,96
POD_COLVIL_7_PL1X2-APND,8.233645416666667,16.557579266712494,0.0,23.397365,96
POD_CONTRL_1_POOLE-APND,-21.656887708333333,46.776051129524035,-93.46558999999999,0.0,96
POD_CONTRL_1_QF-APND,-21.656887708333333,46.776051129524035,-93.46558999999999,0.0,96
POD_COVERD_2_HCKHY1-APND,7.254364791666667,17.46691060923681,-3.64949,19.82742,96
POD_COVERD_2_MCKHY1-APND,7.254364791666667,17.466910609236812,-3.64949,19.82742,96
POD_CO_5_UNIT1-APND,0.0,0.0,0.0,0.0,96
POD_CO_5_UNIT2-APND,0.0,0.0,0.0,0.0,96
POD_CPVERD_2_SOLAR-APND,-4.651452395833333,10.47588755351377,-10.776399999999999,0.0,96
POD_CRESTA_7_PL1X2-APND,5.102540104166667,20.17848565432628,-10.67922,21.928455,96
POD_CROKET_7_UNIT-APND,9.511187083333333,18.298960737667326,0.0,28.361095,96
POD_CRSTWD_6_KUMYAY-APND,-4.590975416666667,10.949513139508598,-13.4693,0.0,96
POD_CUMBIA_1_SOLAR-APND,9.526125,18.20321677667017,0.0,28.6266,96
POD_CUYAMS_6_CUYSR1-APND,-5.909868541666667,10.340574519816993,-16.597575,0.0,96
POD_DEADCK_1_UNIT-APND,10.702940208333333,18.975089243027355,-0.48043,33.695840000000004,96
POD_DEERCR_6_UNIT 1-APND,26.822849583333333,56.01738156796886,0.0,56.160905,96
POD_DELTA_2_PL1X4-APND,9.527801875,18.180104653875798,0.0,28.6266,96
POD_DIABLO_7_UNIT 1-APND,-3.816252604166667,8.277389064986776,-9.224775000000001,0.0,96
POD_DIABLO_7_UNIT 2-APND,-3.816252604166667,8.277389064986773,-9.224775000000001,0.0,96
POD_DISCOV_1_CHEVRN-APND,-5.932037083333333,10.352055815769356,-16.597575,0.0,96
POD_DOUBLC_1_UNITS-APND,-5.952325833333333,10.341099053140763,-16.597575,0.0,96
POD_DRACKR_2_SOLAR1-APND,-6.508996354166666,17.151938202334424,-10.683530000000001,0.0,96
POD_DRACKR_2_SOLAR2-APND,-6.508996354166666,17.151938202334428,-10.683530000000001,0.0,96
POD_DREWS_6_PL1X4-APND,-4.233834270833333,9.388903318821331,-11.65864,0.0,96
POD_DRUM_7_PL1X2-APND,26.80804177083333,56.0126562324759,0.0,56.130030000000005,96
POD_DRUM_7_PL3X4-APND,26.80804177083333,56.01265623247591,0.0,56.130030000000005,96
POD_DRUM_7_UNIT 5-APND,26.9241609375,56.05331250638476,0.0,56.7053,96
POD_DSABLA_7_UNIT-APND,9.873209583333333,17.548244839230648,0.0,26.305390000000003,96
POD_DSFLWR_2_WS2SR1-APND,-5.867137916666667,11.873168137054671,-17.874145,0.0,96
POD_DSRTSL_2_SOLAR1-APND,-4.391492604166666,9.841331571270251,-10.008379999999999,0.0,96
POD_DSRTSN_2_SOLAR1-APND,-7.3169621875,18.51386103803715,-19.47312,0.0,96
POD_DSRTSN_2_SOLAR2-APND,-7.3169621875,18.51386103803715,-19.47312,0.0,96
POD_DTCHWD_2_BT3WND-APND,-5.804293958333333,11.777282337515233,-16.420365,0.0,96
POD_DTCHWD_2_BT4WND-APND,-6.879549861111111,13.366010122045335,-27.377509999999994,0.0,72
POD_DUANE_1_PL1X3-APND,9.519280416666666,16.891089017522127,0.0,32.097229999999996,96
POD_DUTCH1_7_UNIT 1-APND,24.6131421875,49.30838553182682,0.0,52.65779,96
POD_DUTCH2_7_UNIT 1-APND,27.6170546875,57.7508264622898,0.0,59.723794999999996,96
POD_DVLCYN_1_UNITS-APND,-4.233834270833333,9.388903318821331,-11.65864,0.0,96
POD_EASTWD_7_UNIT-APND,-4.889854583333333,11.610572193428931,-15.50924,0.0,96
POD_ELCAJN_6_UNITA1-APND,-3.65625125,11.61099756277191,-11.147870000000001,1.463555,96
POD_ELECTR_7_PL1X3-APND,8.233645416666667,16.557579266712484,0.0,23.397365,96
POD_ELKCRK_6_STONYG-APND,8.008010624999999,17.621968549828445,-0.03237,20.939935,96
POD_ELKHIL_2_PL1X3-APND,-5.9522047916666665,10.341777398813235,-16.597575,0.0,96
POD_ELSEGN_2_UN1011-APND,-3.77423625,12.444164125717153,-14.90899,0.0,96
POD_ELSEGN_2_UN2021-APND,-3.77423625,12.444164125717153,-14.90899,0.0,96
POD_ENERSJ_2_WIND-APND,-4.454308229166666,10.525808017571109,-10.869265,0.0,96
POD_ENWIND_2_WIND1-APND,-5.804293958333333,11.777282337515235,-16.420365,0.0,96
POD_ENWIND_2_WIND2-APND,-5.804293958333333,11.777282337515238,-16.420365,0.0,96
POD_ESCNDO_6_PL1X2-APND,-4.24350875,10.572947661085788,-11.26209,0.0,96
POD_ESCNDO_6_UNITB1-APND,-4.24350875,10.572947661085788,-11.26209,0.0,96
POD_EXCHEC_7_UNIT 1-APND,0.7549159374999999,11.05297466521437,-7.0007,14.243575,96
POD_EXCLSG_1_SOLAR-APND,-4.2166882291666665,19.88037139084426,-23.70945,8.569514999999999,96
POD_FLOWD_2_RT2WD2-APND,-5.804293958333333,11.777282337515238,-16.420365,0.0,96
POD_FLOWD_2_WIND1-APND,-5.804293958333333,11.777282337515237,-16.420365,0.0,96
POD_FMEADO_7_UNIT-APND,7.423572812499999,17.75317447291668,-4.78639,22.371474999999997,96
POD_FRNTBW_6_SOLAR1-APND,-4.049432291666666,9.4205240307159,-20.914225000000002,0.0,96
POD_FT CHUR_7_UNIT 1-APND,0.0,0.0,0.0,0.0,96
POD_FT CHUR_7_UNIT 2-APND,0.0,0.0,0.0,0.0,96
POD_GALE_1_SR3SR3-APND,-6.848615625,18.612732378035364,-19.712585,0.0,96
POD_GARLND_2_GASLR-APND,-5.867137916666667,11.873168137054677,-17.874145,0.0,96
POD_GARLND_2_GASLRA-APND,-5.867137916666667,11.87316813705467,-17.874145,0.0,96
POD_GARNET_1_SOLAR-APND,-3.4788260416666668,8.11365475097803,-9.2248,0.0,96
POD_GARNET_1_WIND-APND,-3.4788260416666668,8.113654750978032,-9.2248,0.0,96
POD_GARNET_1_WINDS-APND,-3.4788260416666668,8.11365475097803,-9.2248,0.0,96
POD_GARNET_1_WT3WND-APND,-3.4788260416666668,8.113654750978032,-9.2248,0.0,96
POD_GARNET_2_WIND1-APND,-3.4788260416666668,8.11365475097803,-9.2248,0.0,96
POD_GARNET_2_WIND2-APND,-3.4788260416666668,8.113654750978034,-9.2248,0.0,96
POD_GARNET_2_WIND3-APND,-3.4788260416666668,8.113654750978032,-9.2248,0.0,96
POD_GARNET_2_WIND4-APND,-3.4788260416666668,8.113654750978032,-9.2248,0.0,96
POD_GARNET_2_WIND5-APND,-3.4788260416666668,8.113654750978032,-9.2248,0.0,96
POD_GASKW1_2_GW1SR1-APND,-5.867137916666667,11.873168137054675,-17.874145,0.0,96
POD_GATWAY_2_PL1X3-APND,9.4271853125,18.350218194249642,0.0,27.385379999999998,96
POD_GENESI_2_STG-APND,-6.508996354166666,17.151938202334428,-10.683530000000001,0.0,96
POD_GEYS11_7_UNIT11-APND,9.377675104166666,24.980341786282477,-10.38616,34.679565,96
POD_GEYS12_7_UNIT12-APND,10.590915104166667,18.081804689662743,0.0,27.59872,96
POD_GEYS13_7_UNIT13-APND,9.406170729166666,18.319617219715234,0.0,27.55232,96
POD_GEYS14_7_UNIT14-APND,10.590915104166667,18.081804689662743,0.0,27.59872,96
POD_GEYS16_7_UNIT16-APND,10.590915104166667,18.08180468966274,0.0,27.59872,96
POD_GEYS17_7_UNIT17-APND,10.590915104166667,18.081804689662743,0.0,27.59872,96
POD_GEYS18_7_UNIT18-APND,9.406170729166666,18.319617219715234,0.0,27.55232,96
POD_GEYS20_7_UNIT20-APND,9.406170729166666,18.31961721971523,0.0,27.55232,96
POD_GIFENS_6_BUGSL1-APND,-9.79702125,19.82812115594342,-37.56466,0.801885,96
POD_GILROY_1_UNIT-APND,9.132861145833333,15.69190720542017,0.0,31.26092,96
POD_GILRPP_1_PL1X2-APND,9.132861145833333,15.691907205420176,0.0,31.26092,96
POD_GILRPP_1_PL3X4-APND,9.132861145833333,15.691907205420177,0.0,31.26092,96
POD_GLDFGR_6_SOLAR1-APND,-5.645958125,11.538681298959354,-16.291305,0.0,96
POD_GLDFGR_6_SOLAR2-APND,-5.645958125,11.538681298959354,-16.291305,0.0,96
POD_GLDTWN_6_COLUM3-APND,-5.804293958333333,11.777282337515237,-16.420365,0.0,96
POD_GLDTWN_6_SOLAR-APND,-5.804293958333333,11.777282337515238,-16.420365,0.0,96
POD_GLNARM_2_UNIT 5-APND,-6.2039203125,11.723992789531305,-24.888849999999998,0.0,96
POD_GRIZLY_1_UNIT 1-APND,5.102540104166667,20.17848565432628,-10.67922,21.928455,96
POD_GRNLF2_1_UNIT-APND,13.947791145833333,25.912758489341634,-1.072435,39.058099999999996,96
POD_GYS5X6_7_UNITS-APND,9.350538854166667,25.02461997475206,-10.524645,34.679565,96
POD_GYS7X8_7_UNITS-APND,9.377675104166666,24.98034178628248,-10.38616,34.679565,96
POD_GYSRVL_7_WSPRNG-APND,19.360468541666666,24.779784676017837,0.0,61.299665000000005,96
POD_HAASPH_7_PL1X2-APND,-2.199439791666667,13.569691666681452,-16.523355,7.767835,96
POD_HATCR1_7_UNIT-APND,7.5392841666666675,17.388989573425906,-2.8101149999999997,20.10494,96
POD_HATCR2_7_UNIT-APND,7.5392841666666675,17.388989573425917,-2.8101149999999997,20.10494,96
POD_HATRDG_2_WIND-APND,7.329489895833333,17.432190321341448,-3.4190449999999997,19.896845,96
POD_HELMPG_7_UNIT 1-APND,-0.20741062500000007,11.435576802273527,-9.222355,9.03133,96
POD_HELMPG_7_UNIT 2-APND,-0.20741062500000007,11.435576802273529,-9.222355,9.03133,96
POD_HELMPG_7_UNIT 3-APND,-0.20741062500000007,11.435576802273527,-9.222355,9.03133,96
POD_HENRTS_1_SOLAR-APND,-2.479313125,11.815736037631412,-16.12399,3.76634,96
POD_HIDSRT_2_UNITS-APND,-4.81880375,10.477523896191189,-11.65864,0.0,96
POD_HNTGBH_2_PL1X3-APND,-4.27513625,11.000557419890121,-11.8193,0.0,96
POD_HNTGBH_7_UNIT 2-APND,-4.27513625,11.00055741989012,-11.8193,0.0,96
POD_HUMBPP_1_UNITS3-APND,8.727214895833333,19.66883715031251,0.0,21.943379999999998,96
POD_HYTTHM_2_UNITS-APND,8.2239190625,17.63829626839718,-0.06659000000000001,21.700305,96
POD_INDIGO_1_UNIT 1-APND,-3.4788260416666668,8.113654750978032,-9.2248,0.0,96
POD_INDIGO_1_UNIT 2-APND,-3.4788260416666668,8.11365475097803,-9.2248,0.0,96
POD_INDIGO_1_UNIT 3-APND,-3.4788260416666668,8.11365475097803,-9.2248,0.0,96
POD_INTKEP_2_UNITS-APND,7.3778162499999995,13.985783095068044,0.0,23.453985,96
POD_INTTRB_6_UNIT-APND,3.6749714583333333,15.010144598322603,-7.851531,22.705851000000035,48
POD_IVANPA_1_UNIT1-APND,-4.4002825,9.864434525921583,-10.008379999999999,0.0,96
POD_IVANPA_1_UNIT2-APND,-4.4002825,9.864434525921583,-10.008379999999999,0.0,96
POD_IVANPA_1_UNIT3-APND,-4.4002825,9.864434525921583,-10.008379999999999,0.0,96
POD_IVSLR2_2_SM2SR1-APND,-4.846376041666667,10.498325161248943,-11.041889999999999,0.0,96
POD_IVSLRP_2_SOLAR1-APND,-4.651452395833333,10.475887553513772,-10.776399999999999,0.0,96
POD_IVWEST_2_SOLAR1-APND,-4.651452395833333,10.47588755351377,-10.776399999999999,0.0,96
POD_JACMSR_1_JACSR1-APND,-4.684834270833333,10.816832430676275,-13.13772,0.0,96
POD_JAYNE_6_WLSLR-APND,-2.3442545833333335,10.991624633318525,-14.602525,1.139665,96
POD_KELYRG_6_UNIT-APND,10.686219791666666,18.962641429498113,-0.49758499999999994,33.703545,96
POD_KERNFT_1_UNITS-APND,-5.952325833333333,10.341099053140764,-16.597575,0.0,96
POD_KERRGN_1_UNIT 1-APND,-5.804293958333333,11.777282337515233,-16.420365,0.0,96
POD_KNGBRD_2_SOLAR1-APND,-5.867137916666667,11.873168137054675,-17.874145,0.0,96
POD_KNGBRD_2_SOLAR2-APND,-5.867137916666667,11.873168137054673,-17.874145,0.0,96
POD_LAMONT_1_SOLAR1-APND,-5.952325833333333,10.341099053140763,-16.597575,0.0,96
POD_LAMONT_1_SOLAR2-APND,-5.952325833333333,10.341099053140764,-16.597575,0.0,96
POD_LAMONT_1_SOLAR3-APND,-5.952325833333333,10.341099053140761,-16.597575,0.0,96
POD_LAMONT_1_SOLAR4-APND,-5.952325833333333,10.341099053140764,-16.597575,0.0,96
POD_LAMONT_1_SOLAR5-APND,-5.952325833333333,10.34109905314076,-16.597575,0.0,96
POD_LAPLMA_2_UNIT 1-APND,-5.9522047916666665,10.34177739881323,-16.597575,0.0,96
POD_LAPLMA_2_UNIT 2-APND,-5.9522047916666665,10.34177739881323,-16.597575,0.0,96
POD_LAPLMA_2_UNIT 3-APND,-5.9522047916666665,10.341777398813232,-16.597575,0.0,96
POD_LAPLMA_2_UNIT 4-APND,-5.9522047916666665,10.341777398813232,-16.597575,0.0,96
POD_LARKSP_6_UNIT 1-APND,-3.6462502083333335,11.152265113645834,-9.71223,1.613685,96
POD_LARKSP_6_UNIT 2-APND,-3.6462502083333335,11.15226511364584,-9.71223,1.613685,96
POD_LAROA2_2_UNITA1-APND,-4.846376041666667,10.49832516124894,-11.041889999999999,0.0,96
POD_LASSEN_6_UNITS-APND,7.7877434375000005,16.8948407014747,-0.07192,20.964235,96
POD_LEBECS_2_UNITS-APND,-4.848738541666667,11.537220576898974,-15.032540000000001,0.0,96
POD_LECEF_1_UNITS-APND,9.510613229166667,16.954497280540892,0.0,32.110344999999995,96
POD_LMBEPK_2_UNITA1-APND,9.239972083333333,18.392281788529488,0.0,26.850234999999998,96
POD_LMBEPK_2_UNITA2-APND,9.239972083333333,18.392281788529495,0.0,26.850234999999998,96
POD_LMBEPK_2_UNITA3-APND,9.239972083333333,18.392281788529488,0.0,26.850234999999998,96
POD_LMEC_1_PL1X3-APND,9.526125,18.203216776670164,0.0,28.6266,96
POD_LUNA_3_LEF-APND,0.0,0.0,0.0,0.0,96
POD_MALCHQ_7_UNIT 1-APND,7.5392841666666675,17.38898957342591,-2.8101149999999997,20.10494,96
POD_MDFKRL_2_PROJCT-APND,7.496109479166666,17.794537814120808,-4.78639,22.789165,96
POD_MIDWD_2_WIND2-APND,-5.804293958333333,11.777282337515237,-16.420365,0.0,96
POD_MIDWD_7_CORAMB-APND,-5.804293958333333,11.777282337515237,-16.420365,0.0,96
POD_MNDOTA_1_SOLAR1-APND,-28.076734791666667,45.24307172129219,-104.11257499999999,0.348395,96
POD_MOJAVE_1_SIPHON-APND,-4.233834270833333,9.388903318821331,-11.65864,0.0,96
POD_MOJAVW_2_SOLAR-APND,-5.804293958333333,11.777282337515237,-16.420365,0.0,96
POD_MORWD_6_QF-APND,-5.804293958333333,11.777282337515237,-16.420365,0.0,96
POD_MOSSLD_2_PSP1-APND,9.786296875,16.841721133928612,0.0,38.467925,96
POD_MOSSLD_2_PSP2-APND,9.786296875,16.841721133928605,0.0,38.467925,96
POD_MRGT_6_MMAREF-APND,-4.222110520833334,10.587939505890393,-11.194305,0.0,96
POD_MSOLAR_2_SOLAR2-APND,-5.293282083333334,11.759868601463008,-17.836665,0.0,96
POD_MSOLAR_2_SOLAR3-APND,-5.293282083333334,11.759868601463015,-17.836665,0.0,96
POD_MSTANG_2_SOLAR3-APND,-2.1257175,11.188030432580874,-12.476704999999999,1.88904,96
POD_MTNPOS_1_UNIT-APND,-5.943936458333333,10.319676500413125,-16.597575,0.0,96
POD_MTWIND_1_UNIT 3-APND,-3.4788260416666668,8.113654750978032,-9.2248,0.0,96
POD_NAROW1_2_UNIT-APND,7.402268229166666,17.59119607457525,-0.95448,24.050060000000002,96
POD_NAROW2_2_UNIT-APND,7.402268229166666,17.591196074575244,-0.95448,24.050060000000002,96
POD_NAVYII_2_UNITS-APND,-4.804141041666667,10.404609845064527,-11.633565,0.0,96
POD_NCPA_7_GP1UN1-APND,9.406170729166666,18.31961721971523,0.0,27.55232,96
POD_NCPA_7_GP1UN2-APND,9.406170729166666,18.319617219715234,0.0,27.55232,96
POD_NCPA_7_GP2UN3-APND,10.590915104166667,18.08180468966274,0.0,27.59872,96
POD_NCPA_7_GP2UN4-APND,10.590915104166667,18.08180468966274,0.0,27.59872,96
POD_NIMTG_6_NICOGN-APND,-4.1584765625,10.612554249062791,-11.147870000000001,0.106645,96
POD_NWCSTL_7_UNIT 1-APND,12.183624583333334,19.536506562344186,0.0,31.476675,96
POD_NZWIND_2_WDSTR5-APND,-5.804293958333333,11.777282337515233,-16.420365,0.0,96
POD_NZWIND_6_CALWND-APND,-5.804293958333333,11.777282337515237,-16.420365,0.0,96
POD_NZWIND_6_WDSTR-APND,-5.804293958333333,11.777282337515237,-16.420365,0.0,96
POD_NZWIND_6_WDSTR2-APND,-5.804293958333333,11.777282337515237,-16.420365,0.0,96
POD_NZWIND_6_WDSTR3-APND,-5.804293958333333,11.777282337515233,-16.420365,0.0,96
POD_NZWIND_6_WDSTR4-APND,-5.804293958333333,11.777282337515233,-16.420365,0.0,96
POD_OAKWD_6_QF-APND,-5.804293958333333,11.777282337515235,-16.420365,0.0,96
POD_OAKWD_6_ZEPHWD-APND,-5.804293958333333,11.777282337515237,-16.420365,0.0,96
POD_OMAR_2_UNIT 1-APND,-4.889854583333333,11.610572193428931,-15.50924,0.0,96
POD_OMAR_2_UNIT 2-APND,-4.889854583333333,11.610572193428927,-15.50924,0.0,96
POD_OMAR_2_UNIT 3-APND,-4.889854583333333,11.610572193428926,-15.50924,0.0,96
POD_OMAR_2_UNIT 4-APND,-4.889854583333333,11.610572193428927,-15.50924,0.0,96
POD_ORMOND_7_UNIT 1-APND,-5.526785416666667,11.163482288232458,-15.34858,0.0,96
POD_ORMOND_7_UNIT 2-APND,-5.526785416666667,11.16348228823246,-15.34858,0.0,96
POD_OTAY_6_PL1X2-APND,-4.108052916666667,10.653583341557002,-11.147870000000001,0.589225,96
POD_OTMESA_2_PL1X3-APND,-3.9868432291666664,10.723540490480941,-11.076360000000001,2.04274,96
POD_PACLUM_6_UNIT-APND,8.739370625,19.670078085234447,0.0,21.943379999999998,96
POD_PAIGES_6_SOLAR-APND,-4.9463984375,19.368659233077675,-25.91872,4.501894999999999,96
POD_PALOMR_2_PL1X3-APND,-4.2436952083333335,10.571578554632824,-11.26209,0.0,96
POD_PARDEB_6_UNITS-APND,8.233645416666667,16.557579266712484,0.0,23.397365,96
POD_PGG_2_PKR-APND,2.002583229166667,5.843844356766222,0.0,5.111525,96
POD_PIOPIC_2_CTG1-APND,-3.9868432291666664,10.723540490480937,-11.076360000000001,2.04274,96
POD_PIOPIC_2_CTG2-APND,-3.9868432291666664,10.723540490480937,-11.076360000000001,2.04274,96
POD_PIOPIC_2_CTG3-APND,-3.9868432291666664,10.723540490480937,-11.076360000000001,2.04274,96
POD_PIT1_7_UNIT 1-APND,7.5392841666666675,17.38898957342591,-2.8101149999999997,20.10494,96
POD_PIT1_7_UNIT 2-APND,7.5392841666666675,17.38898957342591,-2.8101149999999997,20.10494,96
POD_PIT3_7_PL1X3-APND,7.403228333333334,17.420570108136907,-3.2196249999999997,19.941195,96
POD_PIT4_7_PL1X2-APND,7.254364791666667,17.46691060923681,-3.64949,19.82742,96
POD_PIT5_7_PL1X2-APND,7.254364791666667,17.46691060923681,-3.64949,19.82742,96
POD_PIT5_7_PL3X4-APND,7.254364791666667,17.466910609236805,-3.64949,19.82742,96
POD_PIT6_7_UNIT 1-APND,7.254364791666667,17.466910609236812,-3.64949,19.82742,96
POD_PIT6_7_UNIT 2-APND,7.254364791666667,17.466910609236805,-3.64949,19.82742,96
POD_PIT7_7_UNIT 1-APND,7.254364791666667,17.466910609236805,-3.64949,19.82742,96
POD_PIT7_7_UNIT 2-APND,7.254364791666667,17.46691060923681,-3.64949,19.82742,96
POD_PMPJCK_1_RB2SLR-APND,-5.680024479166666,9.959231208441942,-16.597575,0.0,96
POD_PMPJCK_1_SOLAR1-APND,-5.680024479166666,9.959231208441944,-16.597575,0.0,96
POD_PNCHPP_1_PL1X2-APND,-3.730966458333333,20.359981903474793,-23.12948,10.414945,96
POD_PNCHVS_2_SOLAR-APND,-5.745907916666667,20.332251738041887,-28.07496,3.12026,96
POD_PNOCHE_1_PL1X2-APND,-3.750149270833333,20.329476434189544,-23.02253,10.205745,96
POD_PNOCHE_1_UNITA1-APND,-3.730966458333333,20.359981903474797,-23.12948,10.414945,96
POD_POEPH_7_UNIT 1-APND,5.102540104166667,20.17848565432628,-10.67922,21.928455,96
POD_POEPH_7_UNIT 2-APND,5.102540104166667,20.17848565432628,-10.67922,21.928455,96
POD_PRIMM_2_SOLAR1-APND,-4.391257708333334,9.841930108099675,-10.008379999999999,0.0,96
POD_RATSKE_2_NROSR1-APND,-5.867137916666667,11.873168137054677,-17.874145,0.0,96
POD_RCKCRK_7_UNIT 1-APND,5.102540104166667,20.17848565432628,-10.67922,21.928455,96
POD_RCKCRK_7_UNIT 2-APND,5.102540104166667,20.178485654326277,-10.67922,21.928455,96
POD_RENWD_1_QF-APND,-3.4788260416666668,8.113654750978032,-9.2248,0.0,96
POD_ROSMND_6_SOLAR-APND,-5.645958125,11.538681298959355,-16.291305,0.0,96
POD_RSMSLR_6_SOLAR1-APND,-5.645958125,11.538681298959355,-16.291305,0.0,96
POD_RSMSLR_6_SOLAR2-APND,-5.645958125,11.538681298959357,-16.291305,0.0,96
POD_RTEDDY_2_SOLAR1-APND,-5.867137916666667,11.873168137054671,-17.874145,0.0,96
POD_RTEDDY_2_SOLAR2-APND,-5.867137916666667,11.873168137054678,-17.874145,0.0,96
POD_RTREE_2_WIND1-APND,-5.804293958333333,11.777282337515233,-16.420365,0.0,96
POD_RTREE_2_WIND2-APND,-5.804293958333333,11.777282337515237,-16.420365,0.0,96
POD_RTREE_2_WIND3-APND,-5.804293958333333,11.777282337515235,-16.420365,0.0,96
POD_RUSCTY_2_UNITS-APND,6.3140656250000005,18.604410267650028,-4.600565,25.05239,96
POD_RVRVEW_1_UNITA1-APND,9.43036375,18.37110933334049,0.0,27.385379999999998,96
POD_RVSIDE_6_RERCU1-APND,-4.233834270833333,9.388903318821333,-11.65864,0.0,96
POD_RVSIDE_6_RERCU2-APND,-4.233834270833333,9.388903318821333,-11.65864,0.0,96
POD_SALIRV_2_UNIT-APND,1.8788784375,12.692138009832396,-6.22716,21.709850000000003,96
POD_SALTSP_7_UNITS-APND,8.233645416666667,16.557579266712487,0.0,23.397365,96
POD_SANDLT_2_SUNITS-APND,-4.804141041666667,10.404609845064527,-11.633565,0.0,96
POD_SANTFG_7_UNITS-APND,9.406170729166666,18.319617219715226,0.0,27.55232,96
POD_SANWD_1_QF-APND,-3.4788260416666668,8.113654750978032,-9.2248,0.0,96
POD_SEARLS_7_ARGUS-APND,-12.266014375,39.86246443709385,-27.52033,0.235615,96
POD_SEGS_1_SR2SL2-APND,-4.418270625,10.378251452037148,-10.889669999999999,0.0,96
POD_SGREGY_6_SANGER-APND,-0.5284666666666668,13.634005220692753,-11.629125,10.896180000000001,96
POD_SIERRA_1_UNITS-APND,-5.952325833333333,10.341099053140763,-16.597575,0.0,96
POD_SKERN_6_SOLAR1-APND,-4.952613020833334,12.638592537632137,-16.698954999999998,0.0,96
POD_SKERN_6_SOLAR2-APND,-4.952613020833334,12.638592537632137,-16.698954999999998,0.0,96
POD_SLRMS3_2_SRMSR1-APND,-4.846376041666667,10.498325161248937,-11.041889999999999,0.0,96
POD_SLST13_2_SOLAR1-APND,11.012559270833334,30.012370311807388,-3.3759550000000003,39.452315,96
POD_SLSTR1_2_SOLAR1-APND,-5.867137916666667,11.873168137054675,-17.874145,0.0,96
POD_SLSTR2_2_SOLAR2-APND,-5.867137916666667,11.873168137054675,-17.874145,0.0,96
POD_SLVRHWK_7_UNIT 3-APND,0.0,0.0,0.0,0.0,48
POD_SLVRHWK_7_UNIT 4-APND,0.0,0.0,0.0,0.0,48
POD_SMPRIP_1_SMPSON-APND,9.110337291666667,18.254483383293888,0.0,24.073684999999998,96
POD_SMUDGO_7_UNIT 1-APND,9.406170729166666,18.319617219715234,0.0,27.55232,96
POD_SNDBAR_7_UNIT 1-APND,6.034248020833334,20.16311475402619,-9.20291,22.979889999999997,96
POD_SNMALF_6_UNITS-APND,11.727743958333335,18.75294212976859,0.0,32.985564999999994,96
POD_SPI LI_2_UNIT 1-APND,21.860415833333334,49.969910624216595,-1.073795,61.657830000000004,96
POD_SPICER_1_UNITS-APND,8.233645416666667,16.557579266712484,0.0,23.397365,96
POD_SPV_3_UNIT4-APND,0.0,0.0,0.0,0.0,96
POD_STANIS_7_UNIT 1-APND,6.091568854166667,20.291322808623278,-13.786345,22.89483,96
POD_SUMWHT_6_SWSSR1-APND,-3.322759479166667,17.366640970497517,-22.080475,11.159575,96
POD_SUNRIS_2_PL1X3-APND,-5.9522047916666665,10.341777398813234,-16.597575,0.0,96
POD_SUNSET_2_UNITS-APND,-5.9522047916666665,10.341777398813232,-16.597575,0.0,96
POD_SUNSLR_1_SSVSR1-APND,-8.6835971875,17.993714749342878,-42.945769999999996,0.0,96
POD_SYCAMR_2_UNIT 1-APND,-4.889854583333333,11.610572193428935,-15.50924,0.0,96
POD_SYCAMR_2_UNIT 2-APND,-4.889854583333333,11.61057219342893,-15.50924,0.0,96
POD_SYCAMR_2_UNIT 3-APND,-4.889854583333333,11.61057219342893,-15.50924,0.0,96
POD_SYCAMR_2_UNIT 4-APND,-4.889854583333333,11.610572193428931,-15.50924,0.0,96
POD_TANHIL_6_SOLART-APND,-5.981893854166667,10.337203832083555,-16.597575,0.0,96
POD_TBLMTN_6_QF-APND,9.873209583333333,17.54824483923065,0.0,26.305390000000003,96
POD_TEHAPI_2_WIND1-APND,-5.6378721875,11.371855603160414,-15.58075,0.0,96
POD_TEHAPI_2_WIND2-APND,-5.6378721875,11.371855603160414,-15.58075,0.0,96
POD_TERMEX_2_PL1X3-APND,-4.846376041666667,10.498325161248937,-11.041889999999999,0.0,96
POD_TIFFNY_1_DILLON-APND,-3.4788260416666668,8.11365475097803,-9.2248,0.0,96
POD_TIGRCK_7_UNITS-APND,8.233645416666667,16.557579266712484,0.0,23.397365,96
POD_TKOPWR_6_HYDRO-APND,7.875150312500001,17.29678868355769,-0.033615,20.565640000000002,96
POD_TRACY_7_UNIT 3-APND,0.0,0.0,0.0,0.0,96
POD_TRNQL8_2_AMASR1-APND,-3.2799720833333335,19.01011692639961,-22.592005,10.812045000000001,96
POD_TRNQL8_2_AZUSR1-APND,-3.2799720833333335,19.01011692639961,-22.592005,10.812045000000001,96
POD_TRNQL8_2_ROJSR1-APND,-3.2799720833333335,19.010116926399615,-22.592005,10.812045000000001,96
POD_TRNQL8_2_VERSR1-APND,-3.2799720833333335,19.010116926399615,-22.592005,10.812045000000001,96
POD_TRNQLT_2_SOLAR-APND,-3.2799720833333335,19.01011692639961,-22.592005,10.812045000000001,96
POD_TRNSWD_1_QF-APND,-3.4788260416666668,8.11365475097803,-9.2248,0.0,96
POD_TULEWD_1_TULWD1-APND,-4.454308229166666,10.525808017571109,-10.869265,0.0,96
POD_TXMCKT_6_UNIT-APND,-5.337788645833334,10.863689640377311,-16.597575,0.0,96
POD_ULTPFR_1_UNIT 1-APND,-1.2080009374999998,12.961152474197174,-12.220105,8.772425,96
POD_ULTRCK_2_UNIT-APND,6.494335729166667,18.440739678256588,-7.463535,23.81258,96
POD_UNOCAL_1_UNITS-APND,9.495627083333334,18.243319252876443,0.0,28.38617,96
POD_UNVRSY_1_UNIT 1-APND,-5.834881458333334,10.354833977476666,-16.597575,0.0,96
POD_USWND2_1_WIND1-APND,9.110337291666667,18.25448338329389,0.0,24.073684999999998,96
POD_USWND2_1_WIND2-APND,9.110337291666667,18.254483383293888,0.0,24.073684999999998,96
POD_USWND2_1_WIND3-APND,9.110337291666667,18.25448338329389,0.0,24.073684999999998,96
POD_VACADX_1_UNITA1-APND,9.2371075,18.500002263434634,0.0,26.573695,96
POD_VALTNE_2_AVASR1-APND,-5.867137916666667,11.873168137054678,-17.874145,0.0,96
POD_VEDDER_1_SEKERN-APND,-5.932037083333333,10.35205581576935,-16.597575,0.0,96
POD_VERNON_6_MALBRG-APND,-4.8038678125,10.892133284380902,-11.751505,0.0,96
POD_VOYAGR_2_VOYWD2-APND,-5.804293958333333,11.777282337515238,-16.420365,0.0,96
POD_VOYAGR_2_VOYWD3-APND,-5.804293958333333,11.777282337515235,-16.420365,0.0,96
POD_VOYAGR_2_VOYWD4-APND,-5.804293958333333,11.777282337515233,-16.420365,0.0,96
POD_WAUKNA_1_SOLAR2-APND,-2.0458922916666666,13.232620265549865,-15.656615,5.506225000000001,96
POD_WDLEAF_7_UNIT 1-APND,10.702940208333333,18.975089243027362,-0.48043,33.695840000000004,96
POD_WESTPT_2_UNIT-APND,8.233645416666667,16.55757926671248,0.0,23.397365,96
POD_WHTWTR_1_WINDA1-APND,-3.4788260416666668,8.113654750978032,-9.2248,0.0,96
POD_WISTRA_2_WRSSR1-APND,-4.846376041666667,10.49832516124894,-11.041889999999999,0.0,96
POD_WLDWD_1_SOLAR1-APND,-5.924119791666667,10.30104041883138,-16.597575,0.0,96
POD_YUBACT_1_SUNSWT-APND,13.942844583333333,25.916428255708343,-1.072435,39.058099999999996,96
POD_YUBACT_6_UNITA1-APND,13.942844583333333,25.916428255708343,-1.072435,39.058099999999996,96
POD_ZOND_6_UNIT-APND,9.433791875,17.4675667187616,0.0,29.223405,96
POPUD_1_NCL-APND,0.0,0.0,0.0,0.0,96
POST_FLS_1_GEN_TOTAL-APND,0.0,0.0,0.0,0.0,96
PP_1_PP-APND,0.0,0.0,0.0,0.0,96
PRIMM_2_SOLAR1-APND,-4.391257708333334,9.841930108099673,-10.008379999999999,0.0,96
PSEI_BCUS.BORDER-APND,0.0,0.0,0.0,0.0,96
PSEI_BPAT.PSEI-APND,0.0,0.0,0.0,0.0,96
PSEI_CAPTAINJACK-APND,0.0,0.0,0.0,0.0,96
PSEI_COBH-APND,0.0,0.0,0.0,0.0,96
PSEI_JOHNDAY-APND,0.0,0.0,0.0,0.0,96
PSEI_KFALLSGEN-APND,0.0,0.0,0.0,0.0,96
PSEI_MALIN-APND,0.0,0.0,0.0,0.0,96
PSEI_MIDC.AV-APND,0.0,0.0,0.0,0.0,96
PSEI_MIDCREMOTE-APND,0.0,0.0,0.0,0.0,96
PSEI_MIDC_PSEI-APND,0.0,0.0,0.0,0.0,96
PSEI_MIDC_PSEI_PGE-APND,0.0,0.0,0.0,0.0,96
PSEI_MINTFARM-APND,0.0,0.0,0.0,0.0,96
PSEI_PSE.COLSTRIP-APND,0.0,0.0,0.0,0.0,96
PSEI_SCL.SYSTEM-APND,0.0,0.0,0.0,0.0,96
PSEI_TPWR.STAR-APND,0.0,0.0,0.0,0.0,96
PTRPP_2_WIND-APND,0.0,0.0,0.0,0.0,96
PWP1_2_PORTWEST1-APND,0.0,0.0,0.0,0.0,96
PWP2_2_RECIP1-6-APND,0.0,0.0,0.0,0.0,96
PWP2_2_RECIP7-12-APND,0.0,0.0,0.0,0.0,96
RDCLD_3_WIND-APND,0.0,0.0,0.0,0.0,96
RDGPOWER_1_UNIT4-6-APND,6.202104791666667,13.357841048288096,-0.033615,18.51544,96
RECPP_2_SOLAR-APND,0.0,0.0,0.0,0.0,96
REDCL_3_REDCLOUDWF-APND,0.0,0.0,0.0,0.0,96
REDROCK_1_CAPAGPUMPS-APND,0.0,0.0,0.0,0.0,96
REP_6_UNITS-APND,0.0,0.0,0.0,0.0,96
REXFRD_2_RSFBX2-APND,0.07042604166666665,2.312050792961291,-1.6421319999999997,2.5893580000000007,48
REXFRD_2_RSFSX2-APND,0.07042604166666662,2.312050792961291,-1.6421319999999997,2.5893580000000007,48
RP2_2_SOLAR-APND,0.0,0.0,0.0,0.0,96
RPEAK_6_UNITS-APND,0.0,0.0,0.0,0.0,96
RUSCTY_2_UNITS-APND,6.3140656250000005,18.60441026765002,-4.600565,25.05239,96
RUSSELL_2_SOLANO1-APND,9.344267395833333,18.427775508828844,0.0,27.249995,96
RVL_1_WHITECRK_PLANT-APND,0.0,0.0,0.0,0.0,96
RVSIDE_6_SPRING-APND,-4.233834270833333,9.388903318821331,-11.65864,0.0,96
RW_5_RHCC1MSG-APND,0.0,0.0,0.0,0.0,96
RW_5_RHCC2MSG-APND,0.0,0.0,0.0,0.0,96
SALOME_1_CAPAGSOLAR-APND,0.0,0.0,0.0,0.0,96
SALTSP_7_UNITS-APND,8.233645416666667,16.557579266712487,0.0,23.397365,96
SANDLT_2_SUNITS-APND,-4.804141041666667,10.404609845064526,-11.633565,0.0,96
SANITR_6_UNITS-APND,-3.77423625,12.444164125717153,-14.90899,0.0,96
SANTFG_7_UNITS-APND,9.416591770833334,18.31360331775539,0.0,27.55232,96
SBERDO_2_PSP3-APND,-4.113636354166666,9.125621706774963,-11.428885000000001,0.0,96
SBERDO_2_PSP4-APND,-4.109608125,9.123004374299686,-11.407525,0.0,96
SCAGS_2_CC_4_5-APND,-1.5657911458333331,3.782431807577005,-8.73516,0.0,96
SCEC_1_DERP01-APND,-6.0473615625,15.018239924446423,-11.60563,0.0,96
SCEC_1_PDRP03-APND,-18.06058125,26.30543696975677,-59.760523,0.0,24
SCEC_1_PDRP05-APND,-6.0473615625,15.018239924446421,-11.60563,0.0,96
SCEC_1_PDRP06-APND,-6.0473615625,15.018239924446421,-11.60563,0.0,96
SCEC_1_PDRP07-APND,-6.0473615625,15.018239924446421,-11.60563,0.0,96
SCEC_1_PDRP08-APND,-6.0473615625,15.018239924446425,-11.60563,0.0,96
SCEC_1_PDRP09-APND,-6.0473615625,15.018239924446421,-11.60563,0.0,96
SCEC_1_PDRP10-APND,-6.0473615625,15.018239924446423,-11.60563,0.0,96
SCEC_1_PDRP100-APND,-6.0473615625,15.018239924446416,-11.60563,0.0,96
SCEC_1_PDRP101-APND,-6.0473615625,15.018239924446425,-11.60563,0.0,96
SCEC_1_PDRP102-APND,-6.0473615625,15.018239924446425,-11.60563,0.0,96
SCEC_1_PDRP103-APND,-6.0473615625,15.018239924446425,-11.60563,0.0,96
SCEC_1_PDRP104-APND,-6.0473615625,15.018239924446418,-11.60563,0.0,96
SCEC_1_PDRP105-APND,-6.0473615625,15.018239924446421,-11.60563,0.0,96
SCEC_1_PDRP106-APND,-6.0473615625,15.01823992444642,-11.60563,0.0,96
SCEC_1_PDRP107-APND,-6.0473615625,15.01823992444642,-11.60563,0.0,96
SCEC_1_PDRP108-APND,-6.0473615625,15.018239924446425,-11.60563,0.0,96
SCEC_1_PDRP109-APND,-6.0473615625,15.018239924446421,-11.60563,0.0,96
SCEC_1_PDRP11-APND,-6.0473615625,15.018239924446423,-11.60563,0.0,96
SCEC_1_PDRP110-APND,-6.0473615625,15.018239924446421,-11.60563,0.0,96
SCEC_1_PDRP111-APND,-6.0473615625,15.018239924446425,-11.60563,0.0,96
SCEC_1_PDRP113-APND,-6.0473615625,15.018239924446423,-11.60563,0.0,96
SCEC_1_PDRP114-APND,-6.0473615625,15.018239924446423,-11.60563,0.0,96
SCEC_1_PDRP115-APND,-6.0473615625,15.018239924446421,-11.60563,0.0,96
SCEC_1_PDRP116-APND,-6.0473615625,15.018239924446423,-11.60563,0.0,96
SCEC_1_PDRP117-APND,-6.0473615625,15.018239924446423,-11.60563,0.0,96
SCEC_1_PDRP118-APND,-6.0473615625,15.018239924446425,-11.60563,0.0,96
SCEC_1_PDRP119-APND,-6.0473615625,15.018239924446421,-11.60563,0.0,96
SCEC_1_PDRP12-APND,-6.0473615625,15.018239924446418,-11.60563,0.0,96
SCEC_1_PDRP120-APND,-6.0473615625,15.018239924446418,-11.60563,0.0,96
SCEC_1_PDRP121-APND,-6.0473615625,15.01823992444642,-11.60563,0.0,96
SCEC_1_PDRP122-APND,-6.0473615625,15.018239924446421,-11.60563,0.0,96
SCEC_1_PDRP124-APND,-6.0473615625,15.018239924446421,-11.60563,0.0,96
SCEC_1_PDRP125-APND,-6.0473615625,15.018239924446421,-11.60563,0.0,96
SCEC_1_PDRP126-APND,-6.0473615625,15.018239924446421,-11.60563,0.0,96
SCEC_1_PDRP127-APND,-6.0473615625,15.018239924446423,-11.60563,0.0,96
SCEC_1_PDRP128-APND,-6.0473615625,15.018239924446421,-11.60563,0.0,96
SCEC_1_PDRP129-APND,-6.0473615625,15.018239924446421,-11.60563,0.0,96
SCEC_1_PDRP13-APND,-6.0473615625,15.01823992444642,-11.60563,0.0,96
SCEC_1_PDRP130-APND,-6.0473615625,15.018239924446418,-11.60563,0.0,96
SCEC_1_PDRP131-APND,-6.0473615625,15.018239924446425,-11.60563,0.0,96
SCEC_1_PDRP132-APND,-6.0473615625,15.018239924446421,-11.60563,0.0,96
SCEC_1_PDRP133-APND,-6.0473615625,15.018239924446418,-11.60563,0.0,96
SCEC_1_PDRP134-APND,-6.0473615625,15.018239924446421,-11.60563,0.0,96
SCEC_1_PDRP135-APND,-6.0473615625,15.018239924446423,-11.60563,0.0,96
SCEC_1_PDRP136-APND,-6.0473615625,15.018239924446423,-11.60563,0.0,96
SCEC_1_PDRP137-APND,-6.0473615625,15.01823992444642,-11.60563,0.0,96
SCEC_1_PDRP138-APND,-6.0473615625,15.018239924446421,-11.60563,0.0,96
SCEC_1_PDRP139-APND,-6.0473615625,15.018239924446421,-11.60563,0.0,96
SCEC_1_PDRP14-APND,-6.0473615625,15.018239924446423,-11.60563,0.0,96
SCEC_1_PDRP140-APND,-6.0473615625,15.018239924446421,-11.60563,0.0,96
SCEC_1_PDRP141-APND,-6.0473615625,15.018239924446425,-11.60563,0.0,96
SCEC_1_PDRP142-APND,-6.0473615625,15.018239924446421,-11.60563,0.0,96
SCEC_1_PDRP143-APND,-6.0473615625,15.018239924446418,-11.60563,0.0,96
SCEC_1_PDRP144-APND,-6.0473615625,15.018239924446423,-11.60563,0.0,96
SCEC_1_PDRP145-APND,-6.0473615625,15.018239924446421,-11.60563,0.0,96
SCEC_1_PDRP146-APND,-6.0473615625,15.018239924446421,-11.60563,0.0,96
SCEC_1_PDRP147-APND,-6.0473615625,15.018239924446425,-11.60563,0.0,96
SCEC_1_PDRP148-APND,-6.0473615625,15.018239924446418,-11.60563,0.0,96
SCEC_1_PDRP149-APND,-6.0473615625,15.018239924446421,-11.60563,0.0,96
SCEC_1_PDRP150-APND,-6.0473615625,15.018239924446418,-11.60563,0.0,96
SCEC_1_PDRP151-APND,-6.0473615625,15.018239924446421,-11.60563,0.0,96
SCEC_1_PDRP152-APND,-6.0473615625,15.018239924446421,-11.60563,0.0,96
SCEC_1_PDRP153-APND,-6.0473615625,15.018239924446421,-11.60563,0.0,96
SCEC_1_PDRP154-APND,-6.0473615625,15.018239924446423,-11.60563,0.0,96
SCEC_1_PDRP155-APND,-6.0473615625,15.018239924446418,-11.60563,0.0,96
SCEC_1_PDRP156-APND,-6.0473615625,15.018239924446418,-11.60563,0.0,96
SCEC_1_PDRP157-APND,-6.0473615625,15.018239924446418,-11.60563,0.0,96
SCEC_1_PDRP158-APND,-6.0473615625,15.018239924446416,-11.60563,0.0,96
SCEC_1_PDRP159-APND,-6.0473615625,15.018239924446425,-11.60563,0.0,96
SCEC_1_PDRP16-APND,-6.0473615625,15.018239924446423,-11.60563,0.0,96
SCEC_1_PDRP160-APND,-6.0473615625,15.018239924446418,-11.60563,0.0,96
SCEC_1_PDRP161-APND,-6.0473615625,15.018239924446426,-11.60563,0.0,96
SCEC_1_PDRP162-APND,-6.0473615625,15.018239924446418,-11.60563,0.0,96
SCEC_1_PDRP163-APND,-6.0473615625,15.018239924446421,-11.60563,0.0,96
SCEC_1_PDRP171-APND,-6.0473615625,15.018239924446421,-11.60563,0.0,96
SCEC_1_PDRP173-APND,-6.0473615625,15.018239924446421,-11.60563,0.0,96
SCEC_1_PDRP175-APND,-6.0473615625,15.018239924446421,-11.60563,0.0,96
SCEC_1_PDRP176-APND,-6.0473615625,15.018239924446421,-11.60563,0.0,96
SCEC_1_PDRP178-APND,-6.0473615625,15.018239924446421,-11.60563,0.0,96
SCEC_1_PDRP179-APND,-6.0473615625,15.018239924446425,-11.60563,0.0,96
SCEC_1_PDRP18-APND,-6.0473615625,15.018239924446416,-11.60563,0.0,96
SCEC_1_PDRP181-APND,-6.0473615625,15.018239924446418,-11.60563,0.0,96
SCEC_1_PDRP182-APND,-18.060581250000002,26.30543696975677,-59.760523,0.0,24
SCEC_1_PDRP183-APND,-2.042955,3.547283730619175,-7.246175999999999,0.0,72
SCEC_1_PDRP185-APND,-6.0473615625,15.01823992444642,-11.60563,0.0,96
SCEC_1_PDRP186-APND,-18.06058125,26.30543696975677,-59.760523,0.0,24
SCEC_1_PDRP187-APND,-6.0473615625,15.018239924446421,-11.60563,0.0,96
SCEC_1_PDRP188-APND,-6.0473615625,15.018239924446425,-11.60563,0.0,96
SCEC_1_PDRP189-APND,-6.0473615625,15.018239924446421,-11.60563,0.0,96
SCEC_1_PDRP19-APND,-6.0473615625,15.01823992444642,-11.60563,0.0,96
SCEC_1_PDRP190-APND,-18.06058125,26.30543696975677,-59.760523,0.0,24
SCEC_1_PDRP191-APND,-6.0473615625,15.018239924446421,-11.60563,0.0,96
SCEC_1_PDRP192-APND,-6.0473615625,15.018239924446423,-11.60563,0.0,96
SCEC_1_PDRP193-APND,-1.144101875,1.9841130686881137,-4.58809,0.0,48
SCEC_1_PDRP194-APND,-1.144101875,1.9841130686881134,-4.58809,0.0,48
SCEC_1_PDRP195-APND,-1.144101875,1.9841130686881134,-4.58809,0.0,48
SCEC_1_PDRP196-APND,-3.84066125,5.073549111884803,-10.327093999999999,0.45829499999999995,24
SCEC_1_PDRP20-APND,-6.0473615625,15.018239924446418,-11.60563,0.0,96
SCEC_1_PDRP30-APND,-6.0473615625,15.018239924446421,-11.60563,0.0,96
SCEC_1_PDRP31-APND,-6.0473615625,15.018239924446425,-11.60563,0.0,96
SCEC_1_PDRP32-APND,-6.0473615625,15.01823992444642,-11.60563,0.0,96
SCEC_1_PDRP38-APND,-6.0473615625,15.018239924446421,-11.60563,0.0,96
SCEC_1_PDRP42-APND,-6.0473615625,15.018239924446421,-11.60563,0.0,96
SCEC_1_PDRP48-APND,-6.0473615625,15.018239924446423,-11.60563,0.0,96
SCEC_1_PDRP49-APND,-6.0473615625,15.018239924446416,-11.60563,0.0,96
SCEC_1_PDRP50-APND,-6.0473615625,15.018239924446423,-11.60563,0.0,96
SCEC_1_PDRP51-APND,-6.0473615625,15.018239924446421,-11.60563,0.0,96
SCEC_1_PDRP52-APND,-6.0473615625,15.018239924446421,-11.60563,0.0,96
SCEC_1_PDRP53-APND,-6.0473615625,15.01823992444642,-11.60563,0.0,96
SCEC_1_PDRP54-APND,-6.0473615625,15.018239924446425,-11.60563,0.0,96
SCEC_1_PDRP55-APND,-6.0473615625,15.01823992444642,-11.60563,0.0,96
SCEC_1_PDRP56-APND,-6.0473615625,15.018239924446421,-11.60563,0.0,96
SCEC_1_PDRP60-APND,-6.0473615625,15.01823992444642,-11.60563,0.0,96
SCEC_1_PDRP61-APND,-6.0473615625,15.01823992444642,-11.60563,0.0,96
SCEC_1_PDRP62-APND,-6.0473615625,15.018239924446421,-11.60563,0.0,96
SCEC_1_PDRP63-APND,-6.0473615625,15.018239924446418,-11.60563,0.0,96
SCEC_1_PDRP64-APND,-6.0473615625,15.018239924446421,-11.60563,0.0,96
SCEC_1_PDRP65-APND,-6.0473615625,15.018239924446421,-11.60563,0.0,96
SCEC_1_PDRP66-APND,-6.0473615625,15.018239924446421,-11.60563,0.0,96
SCEC_1_PDRP67-APND,-6.0473615625,15.018239924446421,-11.60563,0.0,96
SCEC_1_PDRP68-APND,-6.0473615625,15.018239924446421,-11.60563,0.0,96
SCEC_1_PDRP69-APND,-6.0473615625,15.018239924446421,-11.60563,0.0,96
SCEC_1_PDRP70-APND,-6.0473615625,15.01823992444642,-11.60563,0.0,96
SCEC_1_PDRP71-APND,-6.0473615625,15.018239924446412,-11.60563,0.0,96
SCEC_1_PDRP72-APND,-6.0473615625,15.018239924446425,-11.60563,0.0,96
SCEC_1_PDRP73-APND,-6.0473615625,15.018239924446426,-11.60563,0.0,96
SCEC_1_PDRP74-APND,-6.0473615625,15.018239924446426,-11.60563,0.0,96
SCEC_1_PDRP75-APND,-6.0473615625,15.018239924446421,-11.60563,0.0,96
SCEC_1_PDRP76-APND,-6.0473615625,15.018239924446426,-11.60563,0.0,96
SCEC_1_PDRP77-APND,-6.0473615625,15.01823992444642,-11.60563,0.0,96
SCEC_1_PDRP78-APND,-6.0473615625,15.018239924446423,-11.60563,0.0,96
SCEC_1_PDRP79-APND,-6.0473615625,15.018239924446425,-11.60563,0.0,96
SCEC_1_PDRP80-APND,-6.0473615625,15.01823992444642,-11.60563,0.0,96
SCEC_1_PDRP81-APND,-6.0473615625,15.01823992444642,-11.60563,0.0,96
SCEC_1_PDRP82-APND,-6.0473615625,15.018239924446421,-11.60563,0.0,96
SCEC_1_PDRP83-APND,-6.0473615625,15.01823992444642,-11.60563,0.0,96
SCEC_1_PDRP84-APND,-6.0473615625,15.018239924446421,-11.60563,0.0,96
SCEC_1_PDRP85-APND,-6.0473615625,15.018239924446421,-11.60563,0.0,96
SCEC_1_PDRP86-APND,-6.0473615625,15.018239924446421,-11.60563,0.0,96
SCEC_1_PDRP87-APND,-6.0473615625,15.018239924446418,-11.60563,0.0,96
SCEC_1_PDRP88-APND,-6.0473615625,15.018239924446421,-11.60563,0.0,96
SCEC_1_PDRP89-APND,-6.0473615625,15.018239924446421,-11.60563,0.0,96
SCEC_1_PDRP90-APND,-6.0473615625,15.018239924446421,-11.60563,0.0,96
SCEC_1_PDRP91-APND,-6.0473615625,15.018239924446418,-11.60563,0.0,96
SCEC_1_PDRP92-APND,-6.0473615625,15.01823992444642,-11.60563,0.0,96
SCEC_1_PDRP93-APND,-6.0473615625,15.018239924446418,-11.60563,0.0,96
SCEC_1_PDRP94-APND,-6.0473615625,15.018239924446423,-11.60563,0.0,96
SCEC_1_PDRP95-APND,-6.0473615625,15.018239924446421,-11.60563,0.0,96
SCEC_1_PDRP96-APND,-6.0473615625,15.018239924446423,-11.60563,0.0,96
SCEC_1_PDRP97-APND,-6.0473615625,15.018239924446423,-11.60563,0.0,96
SCEC_1_PDRP98-APND,-6.0473615625,15.018239924446421,-11.60563,0.0,96
SCEC_1_PDRP99-APND,-6.0473615625,15.018239924446421,-11.60563,0.0,96
SCEC_1_RDRR08-APND,-6.0473615625,15.018239924446421,-11.60563,0.0,96
SCEC_1_RDRR35-APND,-6.0473615625,15.018239924446426,-11.60563,0.0,96
SCEC_1_RDRR36-APND,-6.0473615625,15.018239924446421,-11.60563,0.0,96
SCEC_1_RDRR37-APND,-6.0473615625,15.018239924446421,-11.60563,0.0,96
SCEC_1_RDRR38-APND,-6.0473615625,15.018239924446421,-11.60563,0.0,96
SCEC_1_RDRR39-APND,-6.0473615625,15.018239924446423,-11.60563,0.0,96
SCEN_6_PDRP01-APND,-5.136523333333334,11.367538190057335,-15.41334,0.0,96
SCEN_6_PDRP02-APND,-5.136523333333334,11.367538190057331,-15.41334,0.0,96
SCEN_6_PDRP03-APND,-5.136523333333334,11.367538190057333,-15.41334,0.0,96
SCEN_6_PDRP06-APND,-5.136523333333334,11.367538190057333,-15.41334,0.0,96
SCEN_6_PDRP07-APND,-5.136523333333334,11.367538190057337,-15.41334,0.0,96
SCEN_6_PDRP08-APND,-5.136523333333334,11.367538190057335,-15.41334,0.0,96
SCEN_6_PDRP09-APND,-5.136523333333334,11.367538190057335,-15.41334,0.0,96
SCEN_6_PDRP101-APND,-5.136523333333334,11.36753819005733,-15.41334,0.0,96
SCEN_6_PDRP102-APND,-5.136523333333334,11.367538190057335,-15.41334,0.0,96
SCEN_6_PDRP103-APND,-5.136523333333334,11.367538190057338,-15.41334,0.0,96
SCEN_6_PDRP104-APND,-5.136523333333334,11.367538190057335,-15.41334,0.0,96
SCEN_6_PDRP105-APND,-5.136523333333334,11.367538190057335,-15.41334,0.0,96
SCEN_6_PDRP106-APND,-5.136523333333334,11.36753819005733,-15.41334,0.0,96
SCEN_6_PDRP107-APND,-13.403934999999999,19.470922665655777,-47.41195199999999,0.0,24
SCEN_6_PDRP108-APND,-13.403934999999999,19.470922665655774,-47.41195199999999,0.0,24
SCEN_6_PDRP109-APND,-0.453564375,1.5723121154866118,-2.285971,0.0,48
SCEN_6_PDRP11-APND,-5.136523333333334,11.36753819005733,-15.41334,0.0,96
SCEN_6_PDRP111-APND,-9.819482291666667,14.626197723167289,-29.135337,0.0,48
SCEN_6_PDRP14-APND,-5.136523333333334,11.367538190057331,-15.41334,0.0,96
SCEN_6_PDRP15-APND,-5.136523333333334,11.367538190057335,-15.41334,0.0,96
SCEN_6_PDRP27-APND,-5.136523333333334,11.367538190057333,-15.41334,0.0,96
SCEN_6_PDRP28-APND,-5.136523333333334,11.367538190057338,-15.41334,0.0,96
SCEN_6_PDRP29-APND,-5.136523333333334,11.367538190057333,-15.41334,0.0,96
SCEN_6_PDRP30-APND,-5.136523333333334,11.367538190057333,-15.41334,0.0,96
SCEN_6_PDRP31-APND,-5.136523333333334,11.367538190057331,-15.41334,0.0,96
SCEN_6_PDRP32-APND,-5.136523333333334,11.367538190057331,-15.41334,0.0,96
SCEN_6_PDRP33-APND,-5.136523333333334,11.36753819005733,-15.41334,0.0,96
SCEN_6_PDRP34-APND,-5.136523333333334,11.367538190057333,-15.41334,0.0,96
SCEN_6_PDRP35-APND,-5.136523333333334,11.367538190057333,-15.41334,0.0,96
SCEN_6_PDRP36-APND,-5.136523333333334,11.367538190057335,-15.41334,0.0,96
SCEN_6_PDRP37-APND,-5.136523333333334,11.367538190057335,-15.41334,0.0,96
SCEN_6_PDRP38-APND,-5.136523333333334,11.367538190057335,-15.41334,0.0,96
SCEN_6_PDRP39-APND,-5.136523333333334,11.36753819005733,-15.41334,0.0,96
SCEN_6_PDRP40-APND,-5.136523333333334,11.367538190057335,-15.41334,0.0,96
SCEN_6_PDRP41-APND,-5.136523333333334,11.367538190057333,-15.41334,0.0,96
SCEN_6_PDRP42-APND,-5.136523333333334,11.367538190057333,-15.41334,0.0,96
SCEN_6_PDRP43-APND,-5.136523333333334,11.367538190057335,-15.41334,0.0,96
SCEN_6_PDRP44-APND,-5.136523333333334,11.367538190057333,-15.41334,0.0,96
SCEN_6_PDRP45-APND,-5.136523333333334,11.367538190057333,-15.41334,0.0,96
SCEN_6_PDRP46-APND,-5.136523333333334,11.367538190057326,-15.41334,0.0,96
SCEN_6_PDRP47-APND,-5.136523333333334,11.367538190057335,-15.41334,0.0,96
SCEN_6_PDRP48-APND,-5.136523333333334,11.367538190057335,-15.41334,0.0,96
SCEN_6_PDRP49-APND,-5.136523333333334,11.367538190057335,-15.41334,0.0,96
SCEN_6_PDRP50-APND,-5.136523333333334,11.367538190057333,-15.41334,0.0,96
SCEN_6_PDRP51-APND,-5.136523333333334,11.367538190057333,-15.41334,0.0,96
SCEN_6_PDRP52-APND,-5.136523333333334,11.367538190057333,-15.41334,0.0,96
SCEN_6_PDRP53-APND,-5.136523333333334,11.367538190057331,-15.41334,0.0,96
SCEN_6_PDRP54-APND,-5.136523333333334,11.367538190057335,-15.41334,0.0,96
SCEN_6_PDRP55-APND,-5.136523333333334,11.367538190057333,-15.41334,0.0,96
SCEN_6_PDRP56-APND,-5.136523333333334,11.367538190057338,-15.41334,0.0,96
SCEN_6_PDRP58-APND,-5.136523333333334,11.367538190057335,-15.41334,0.0,96
SCEN_6_PDRP59-APND,-5.136523333333334,11.367538190057338,-15.41334,0.0,96
SCEN_6_PDRP60-APND,-5.136523333333334,11.367538190057331,-15.41334,0.0,96
SCEN_6_PDRP61-APND,-5.136523333333334,11.367538190057338,-15.41334,0.0,96
SCEN_6_PDRP62-APND,-5.136523333333334,11.367538190057333,-15.41334,0.0,96
SCEN_6_PDRP63-APND,-5.136523333333334,11.367538190057331,-15.41334,0.0,96
SCEN_6_PDRP64-APND,-5.136523333333334,11.367538190057331,-15.41334,0.0,96
SCEN_6_PDRP65-APND,-5.136523333333334,11.367538190057331,-15.41334,0.0,96
SCEN_6_PDRP66-APND,-5.136523333333334,11.36753819005733,-15.41334,0.0,96
SCEN_6_PDRP76-APND,-5.136523333333334,11.367538190057335,-15.41334,0.0,96
SCEN_6_PDRP79-APND,-5.136523333333334,11.367538190057333,-15.41334,0.0,96
SCEN_6_PDRP80-APND,-5.136523333333334,11.36753819005733,-15.41334,0.0,96
SCEN_6_PDRP81-APND,-5.136523333333334,11.367538190057335,-15.41334,0.0,96
SCEN_6_PDRP84-APND,-5.136523333333334,11.367538190057335,-15.41334,0.0,96
SCEN_6_PDRP85-APND,-5.136523333333334,11.367538190057335,-15.41334,0.0,96
SCEN_6_PDRP86-APND,-5.136523333333334,11.367538190057335,-15.41334,0.0,96
SCEN_6_PDRP87-APND,-5.136523333333334,11.367538190057333,-15.41334,0.0,96
SCEN_6_PDRP88-APND,-5.136523333333334,11.367538190057335,-15.41334,0.0,96
SCEN_6_PDRP89-APND,-5.136523333333334,11.367538190057333,-15.41334,0.0,96
SCEN_6_PDRP91-APND,-5.136523333333334,11.367538190057337,-15.41334,0.0,96
SCEN_6_PDRP93-APND,-5.136523333333334,11.367538190057333,-15.41334,0.0,96
SCEN_6_PDRP94-APND,-5.136523333333334,11.367538190057335,-15.41334,0.0,96
SCEN_6_PDRP95-APND,-5.136523333333334,11.367538190057335,-15.41334,0.0,96
SCEN_6_PDRP96-APND,-5.136523333333334,11.367538190057328,-15.41334,0.0,96
SCEN_6_PDRP97-APND,-5.136523333333334,11.367538190057333,-15.41334,0.0,96
SCEN_6_PDRP98-APND,-5.136523333333334,11.367538190057331,-15.41334,0.0,96
SCEN_6_PDRP99-APND,-5.136523333333334,11.367538190057333,-15.41334,0.0,96
SCEN_6_RDRR02-APND,-5.136523333333334,11.367538190057337,-15.41334,0.0,96
SCEN_6_RDRR12-APND,-5.136523333333334,11.367538190057333,-15.41334,0.0,96
SCEN_6_RDRR13-APND,-5.136523333333334,11.36753819005733,-15.41334,0.0,96
SCEW_2_PDRP03-APND,-4.292175208333333,10.997708920721333,-12.37102,0.0,96
SCEW_2_PDRP09-APND,-4.292175208333333,10.997708920721335,-12.37102,0.0,96
SCEW_2_PDRP10-APND,-4.292175208333333,10.997708920721335,-12.37102,0.0,96
SCEW_2_PDRP100-APND,-4.292175208333333,10.997708920721335,-12.37102,0.0,96
SCEW_2_PDRP101-APND,-4.292175208333333,10.997708920721335,-12.37102,0.0,96
SCEW_2_PDRP102-APND,-4.292175208333333,10.997708920721337,-12.37102,0.0,96
SCEW_2_PDRP103-APND,-4.292175208333333,10.997708920721335,-12.37102,0.0,96
SCEW_2_PDRP104-APND,-4.292175208333333,10.997708920721333,-12.37102,0.0,96
SCEW_2_PDRP105-APND,-4.292175208333333,10.997708920721331,-12.37102,0.0,96
SCEW_2_PDRP106-APND,-4.292175208333333,10.997708920721335,-12.37102,0.0,96
SCEW_2_PDRP107-APND,-4.292175208333333,10.997708920721335,-12.37102,0.0,96
SCEW_2_PDRP108-APND,-4.292175208333333,10.997708920721333,-12.37102,0.0,96
SCEW_2_PDRP109-APND,-4.292175208333333,10.997708920721335,-12.37102,0.0,96
SCEW_2_PDRP110-APND,-4.292175208333333,10.997708920721333,-12.37102,0.0,96
SCEW_2_PDRP111-APND,-4.292175208333333,10.997708920721337,-12.37102,0.0,96
SCEW_2_PDRP112-APND,-4.292175208333333,10.997708920721333,-12.37102,0.0,96
SCEW_2_PDRP114-APND,-4.292175208333333,10.997708920721335,-12.37102,0.0,96
SCEW_2_PDRP116-APND,-4.292175208333333,10.997708920721335,-12.37102,0.0,96
SCEW_2_PDRP117-APND,-4.292175208333333,10.997708920721335,-12.37102,0.0,96
SCEW_2_PDRP118-APND,-4.292175208333333,10.997708920721333,-12.37102,0.0,96
SCEW_2_PDRP119-APND,-4.292175208333333,10.997708920721337,-12.37102,0.0,96
SCEW_2_PDRP12-APND,-4.292175208333333,10.997708920721337,-12.37102,0.0,96
SCEW_2_PDRP120-APND,-4.292175208333333,10.997708920721333,-12.37102,0.0,96
SCEW_2_PDRP121-APND,-4.292175208333333,10.997708920721335,-12.37102,0.0,96
SCEW_2_PDRP122-APND,-4.292175208333333,10.997708920721339,-12.37102,0.0,96
SCEW_2_PDRP123-APND,-4.292175208333333,10.997708920721333,-12.37102,0.0,96
SCEW_2_PDRP124-APND,-4.292175208333333,10.997708920721335,-12.37102,0.0,96
SCEW_2_PDRP125-APND,-4.292175208333333,10.997708920721335,-12.37102,0.0,96
SCEW_2_PDRP130-APND,-4.292175208333333,10.997708920721335,-12.37102,0.0,96
SCEW_2_PDRP131-APND,-4.292175208333333,10.997708920721331,-12.37102,0.0,96
SCEW_2_PDRP133-APND,-4.292175208333333,10.997708920721333,-12.37102,0.0,96
SCEW_2_PDRP141-APND,-4.292175208333333,10.997708920721333,-12.37102,0.0,96
SCEW_2_PDRP159-APND,-4.292175208333333,10.99770892072133,-12.37102,0.0,96
SCEW_2_PDRP160-APND,-4.292175208333333,10.997708920721333,-12.37102,0.0,96
SCEW_2_PDRP163-APND,-4.292175208333333,10.997708920721335,-12.37102,0.0,96
SCEW_2_PDRP167-APND,-4.292175208333333,10.997708920721335,-12.37102,0.0,96
SCEW_2_PDRP168-APND,-4.292175208333333,10.997708920721335,-12.37102,0.0,96
SCEW_2_PDRP171-APND,-4.292175208333333,10.997708920721335,-12.37102,0.0,96
SCEW_2_PDRP172-APND,-4.292175208333333,10.997708920721333,-12.37102,0.0,96
SCEW_2_PDRP173-APND,-4.292175208333333,10.997708920721337,-12.37102,0.0,96
SCEW_2_PDRP174-APND,-4.292175208333333,10.997708920721335,-12.37102,0.0,96
SCEW_2_PDRP175-APND,-4.292175208333333,10.997708920721337,-12.37102,0.0,96
SCEW_2_PDRP177-APND,-4.292175208333333,10.997708920721333,-12.37102,0.0,96
SCEW_2_PDRP178-APND,-12.652605833333332,18.394704109586144,-44.578582,0.0,24
SCEW_2_PDRP179-APND,-1.505365,4.551916995967463,-7.431672999999999,0.031382999999999946,72
SCEW_2_PDRP180-APND,-4.292175208333333,10.997708920721333,-12.37102,0.0,96
SCEW_2_PDRP182-APND,-4.292175208333333,10.997708920721337,-12.37102,0.0,96
SCEW_2_PDRP183-APND,-4.292175208333333,10.997708920721335,-12.37102,0.0,96
SCEW_2_PDRP185-APND,-4.292175208333333,10.997708920721335,-12.37102,0.0,96
SCEW_2_PDRP186-APND,-1.1057370833333333,1.933009391538047,-4.579651,0.0,48
SCEW_2_PDRP187-APND,-7.478613333333333,14.832303886086988,-27.33585,1.890678000000027,48
SCEW_2_PDRP19-APND,-4.292175208333333,10.997708920721333,-12.37102,0.0,96
SCEW_2_PDRP20-APND,-4.292175208333333,10.997708920721337,-12.37102,0.0,96
SCEW_2_PDRP37-APND,-4.292175208333333,10.997708920721333,-12.37102,0.0,96
SCEW_2_PDRP38-APND,-4.292175208333333,10.997708920721335,-12.37102,0.0,96
SCEW_2_PDRP39-APND,-4.292175208333333,10.997708920721337,-12.37102,0.0,96
SCEW_2_PDRP40-APND,-4.292175208333333,10.997708920721333,-12.37102,0.0,96
SCEW_2_PDRP41-APND,-4.292175208333333,10.997708920721335,-12.37102,0.0,96
SCEW_2_PDRP42-APND,-4.292175208333333,10.997708920721335,-12.37102,0.0,96
SCEW_2_PDRP43-APND,-4.292175208333333,10.997708920721335,-12.37102,0.0,96
SCEW_2_PDRP44-APND,-4.292175208333333,10.997708920721337,-12.37102,0.0,96
SCEW_2_PDRP45-APND,-4.292175208333333,10.997708920721335,-12.37102,0.0,96
SCEW_2_PDRP46-APND,-4.292175208333333,10.997708920721335,-12.37102,0.0,96
SCEW_2_PDRP47-APND,-4.292175208333333,10.997708920721333,-12.37102,0.0,96
SCEW_2_PDRP48-APND,-4.292175208333333,10.997708920721335,-12.37102,0.0,96
SCEW_2_PDRP49-APND,-4.292175208333333,10.997708920721335,-12.37102,0.0,96
SCEW_2_PDRP50-APND,-4.292175208333333,10.997708920721337,-12.37102,0.0,96
SCEW_2_PDRP51-APND,-4.292175208333333,10.997708920721335,-12.37102,0.0,96
SCEW_2_PDRP52-APND,-4.292175208333333,10.997708920721333,-12.37102,0.0,96
SCEW_2_PDRP53-APND,-4.292175208333333,10.997708920721331,-12.37102,0.0,96
SCEW_2_PDRP54-APND,-4.292175208333333,10.997708920721335,-12.37102,0.0,96
SCEW_2_PDRP55-APND,-4.292175208333333,10.997708920721333,-12.37102,0.0,96
SCEW_2_PDRP56-APND,-4.292175208333333,10.997708920721333,-12.37102,0.0,96
SCEW_2_PDRP57-APND,-4.292175208333333,10.997708920721331,-12.37102,0.0,96
SCEW_2_PDRP58-APND,-4.292175208333333,10.997708920721337,-12.37102,0.0,96
SCEW_2_PDRP59-APND,-4.292175208333333,10.997708920721335,-12.37102,0.0,96
SCEW_2_PDRP60-APND,-4.292175208333333,10.997708920721335,-12.37102,0.0,96
SCEW_2_PDRP61-APND,-4.292175208333333,10.997708920721335,-12.37102,0.0,96
SCEW_2_PDRP62-APND,-4.292175208333333,10.997708920721337,-12.37102,0.0,96
SCEW_2_PDRP63-APND,-4.292175208333333,10.997708920721337,-12.37102,0.0,96
SCEW_2_PDRP64-APND,-4.292175208333333,10.997708920721337,-12.37102,0.0,96
SCEW_2_PDRP65-APND,-4.292175208333333,10.997708920721333,-12.37102,0.0,96
SCEW_2_PDRP66-APND,-4.292175208333333,10.997708920721335,-12.37102,0.0,96
SCEW_2_PDRP67-APND,-4.292175208333333,10.997708920721333,-12.37102,0.0,96
SCEW_2_PDRP68-APND,-4.292175208333333,10.997708920721333,-12.37102,0.0,96
SCEW_2_PDRP69-APND,-4.292175208333333,10.997708920721335,-12.37102,0.0,96
SCEW_2_PDRP70-APND,-4.292175208333333,10.997708920721335,-12.37102,0.0,96
SCEW_2_PDRP71-APND,-4.292175208333333,10.997708920721331,-12.37102,0.0,96
SCEW_2_PDRP72-APND,-4.292175208333333,10.997708920721335,-12.37102,0.0,96
SCEW_2_PDRP73-APND,-4.292175208333333,10.997708920721333,-12.37102,0.0,96
SCEW_2_PDRP74-APND,-4.292175208333333,10.99770892072133,-12.37102,0.0,96
SCEW_2_PDRP75-APND,-4.292175208333333,10.997708920721335,-12.37102,0.0,96
SCEW_2_PDRP77-APND,-4.292175208333333,10.997708920721333,-12.37102,0.0,96
SCEW_2_PDRP78-APND,-4.292175208333333,10.997708920721335,-12.37102,0.0,96
SCEW_2_PDRP79-APND,-4.292175208333333,10.997708920721333,-12.37102,0.0,96
SCEW_2_PDRP80-APND,-4.292175208333333,10.997708920721333,-12.37102,0.0,96
SCEW_2_PDRP81-APND,-4.292175208333333,10.997708920721335,-12.37102,0.0,96
SCEW_2_PDRP82-APND,-4.292175208333333,10.997708920721335,-12.37102,0.0,96
SCEW_2_PDRP83-APND,-4.292175208333333,10.997708920721333,-12.37102,0.0,96
SCEW_2_PDRP85-APND,-4.292175208333333,10.997708920721331,-12.37102,0.0,96
SCEW_2_PDRP89-APND,-4.292175208333333,10.997708920721335,-12.37102,0.0,96
SCEW_2_RDRR08-APND,-4.292175208333333,10.997708920721335,-12.37102,0.0,96
SCEW_2_RDRR25-APND,-4.292175208333333,10.997708920721337,-12.37102,0.0,96
SCEW_2_RDRR26-APND,-4.292175208333333,10.997708920721333,-12.37102,0.0,96
SCEW_2_RDRR27-APND,-4.292175208333333,10.997708920721335,-12.37102,0.0,96
SCHD_1_PDRP04-APND,-6.220057395833333,12.703416991089588,-27.982905000000002,0.0,96
SCHD_1_PDRP06-APND,-6.220057395833333,12.70341699108959,-27.982905000000002,0.0,96
SCHD_1_PDRP07-APND,-6.220057395833333,12.703416991089586,-27.982905000000002,0.0,96
SCHD_1_PDRP08-APND,-6.220057395833333,12.703416991089586,-27.982905000000002,0.0,96
SCHD_1_PDRP09-APND,-6.220057395833333,12.703416991089586,-27.982905000000002,0.0,96
SCHD_1_PDRP10-APND,-6.220057499999999,12.703416931170423,-27.982905000000002,0.0,96
SCHD_1_PDRP11-APND,-6.220057499999999,12.703416931170425,-27.982905000000002,0.0,96
SCHD_1_PDRP12-APND,-6.220057499999999,12.703416931170423,-27.982905000000002,0.0,96
SCHD_1_PDRP23-APND,-6.220057499999999,12.703416931170421,-27.982905000000002,0.0,96
SCHD_1_PDRP24-APND,-6.220057499999999,12.703416931170421,-27.982905000000002,0.0,96
SCHD_1_PDRP25-APND,-6.2200575,12.703416931170423,-27.982905000000002,0.0,96
SCHD_1_PDRP26-APND,-6.220057499999999,12.703416931170423,-27.982905000000002,0.0,96
SCHD_1_PDRP27-APND,-6.2200575,12.70341693117042,-27.982905000000002,0.0,96
SCHD_1_PDRP28-APND,-6.220057499999999,12.703416931170423,-27.982905000000002,0.0,96
SCHD_1_PDRP29-APND,-6.220057499999999,12.70341693117042,-27.982905000000002,0.0,96
SCHD_1_PDRP30-APND,-6.2200575,12.703416931170423,-27.982905000000002,0.0,96
SCHD_1_PDRP31-APND,-6.220057499999999,12.703416931170425,-27.982905000000002,0.0,96
SCHD_1_PDRP32-APND,-6.220057499999999,12.703416931170423,-27.982905000000002,0.0,96
SCHD_1_PDRP33-APND,-6.2200575,12.703416931170423,-27.982905000000002,0.0,96
SCHD_1_PDRP34-APND,-6.220057499999999,12.703416931170423,-27.982905000000002,0.0,96
SCHD_1_PDRP35-APND,-6.220057499999999,12.703416931170423,-27.982905000000002,0.0,96
SCHD_1_PDRP36-APND,-6.220057499999999,12.703416931170421,-27.982905000000002,0.0,96
SCHD_1_PDRP37-APND,-6.220057499999999,12.703416931170425,-27.982905000000002,0.0,96
SCHD_1_PDRP38-APND,-6.220057499999999,12.703416931170423,-27.982905000000002,0.0,96
SCHD_1_PDRP39-APND,-6.220057499999999,12.703416931170423,-27.982905000000002,0.0,96
SCHD_1_PDRP40-APND,-6.220057499999999,12.703416931170423,-27.982905000000002,0.0,96
SCHD_1_PDRP41-APND,-6.220057395833333,12.703416991089586,-27.982905000000002,0.0,96
SCHD_1_PDRP42-APND,-6.220057395833333,12.703416991089592,-27.982905000000002,0.0,96
SCHD_1_PDRP43-APND,-6.220057395833333,12.70341699108959,-27.982905000000002,0.0,96
SCHD_1_PDRP44-APND,-6.220057395833333,12.703416991089592,-27.982905000000002,0.0,96
SCHD_1_PDRP48-APND,-6.220057395833333,12.70341699108959,-27.982905000000002,0.0,96
SCHD_1_PDRP52-APND,-6.220057395833333,12.70341699108959,-27.982905000000002,0.0,96
SCHD_1_PDRP53-APND,-6.220057395833333,12.703416991089586,-27.982905000000002,0.0,96
SCHD_1_PDRP58-APND,-6.220057395833333,12.703416991089592,-27.982905000000002,0.0,96
SCHD_1_PDRP59-APND,-6.220057395833333,12.70341699108959,-27.982905000000002,0.0,96
SCHD_1_PDRP61-APND,-6.220057395833333,12.703416991089586,-27.982905000000002,0.0,96
SCHD_1_PDRP62-APND,-6.220057395833333,12.70341699108959,-27.982905000000002,0.0,96
SCHD_1_PDRP63-APND,-6.220057395833333,12.70341699108959,-27.982905000000002,0.0,96
SCHD_1_PDRP64-APND,-6.220057395833333,12.70341699108959,-27.982905000000002,0.0,96
SCHD_1_PDRP68-APND,-8.297493125,13.761871142296418,-27.404743,0.0,48
SCHD_1_PDRP70-APND,-4.142621666666666,11.312954135527006,-14.531352999999994,0.0,48
SCHD_1_RDRR08-APND,-6.220057395833333,12.70341699108959,-27.982905000000002,0.0,96
SCHD_1_RDRR11-APND,-6.220057395833333,12.70341699108959,-27.982905000000002,0.0,96
SCHD_1_RDRR12-APND,-6.220057395833333,12.703416991089592,-27.982905000000002,0.0,96
SCHLTE_1_PL1X3-APND,8.913145208333333,18.244364894755456,-0.02988,22.956625000000003,96
SCLD_1_PDRP05-APND,-4.3995235416666665,9.778950803479024,-10.515045,0.0,96
SCLD_1_PDRP06-APND,-4.3995235416666665,9.778950803479024,-10.515045,0.0,96
SCLD_1_PDRP07-APND,-4.3995235416666665,9.77895080347903,-10.515045,0.0,96
SCLD_1_PDRP09-APND,-4.3995235416666665,9.778950803479024,-10.515045,0.0,96
SCLD_1_PDRP10-APND,-4.3995235416666665,9.77895080347903,-10.515045,0.0,96
SCLD_1_PDRP11-APND,-4.3995235416666665,9.778950803479024,-10.515045,0.0,96
SCL_BOUNDARY-APND,0.0,0.0,0.0,0.0,96
SCL_BPAT.SCL-APND,0.0,0.0,0.0,0.0,96
SCL_MAINCANALGEN-APND,0.0,0.0,0.0,0.0,96
SCL_MIDC.AV-APND,0.0,0.0,0.0,0.0,96
SCL_MIDCREMOTE-APND,0.0,0.0,0.0,0.0,96
SCL_SCL.SYSTEM-APND,0.0,0.0,0.0,0.0,96
SCL_SCLBPATPACW-APND,0.0,0.0,0.0,0.0,96
SCL_SCLBPATPGE-APND,0.0,0.0,0.0,0.0,96
SCL_SCLLAGRANDEIPC-APND,0.0,0.0,0.0,0.0,96
SCL_SUMMERFALLGEN-APND,0.0,0.0,0.0,0.0,96
SCNW_6_PDRP07-APND,-5.530329479166666,11.171150127770742,-15.34858,0.0,96
SCNW_6_PDRP08-APND,-5.530329479166666,11.17115012777075,-15.34858,0.0,96
SCNW_6_PDRP09-APND,-5.530329479166666,11.17115012777075,-15.34858,0.0,96
SCNW_6_PDRP10-APND,-5.530329479166666,11.171150127770746,-15.34858,0.0,96
SCNW_6_PDRP11-APND,-5.530329479166666,11.17115012777075,-15.34858,0.0,96
SCNW_6_PDRP12-APND,-5.530329479166666,11.171150127770746,-15.34858,0.0,96
SCNW_6_PDRP22-APND,-5.530329479166666,11.171150127770742,-15.34858,0.0,96
SCNW_6_PDRP24-APND,-5.530329479166666,11.171150127770746,-15.34858,0.0,96
SCNW_6_PDRP25-APND,-5.530329479166666,11.171150127770746,-15.34858,0.0,96
SCNW_6_PDRP26-APND,-5.530329479166666,11.171150127770746,-15.34858,0.0,96
SCNW_6_PDRP27-APND,-5.530329479166666,11.171150127770744,-15.34858,0.0,96
SCNW_6_PDRP28-APND,-5.530329479166666,11.171150127770751,-15.34858,0.0,96
SCNW_6_PDRP30-APND,-5.530329479166666,11.171150127770748,-15.34858,0.0,96
SCNW_6_PDRP31-APND,-5.530329479166666,11.171150127770748,-15.34858,0.0,96
SCNW_6_PDRP32-APND,-5.530329479166666,11.171150127770748,-15.34858,0.0,96
SCNW_6_PDRP33-APND,-5.530329479166666,11.17115012777075,-15.34858,0.0,96
SCNW_6_PDRP34-APND,-5.530329479166666,11.171150127770748,-15.34858,0.0,96
SCNW_6_PDRP35-APND,-5.530329479166666,11.171150127770748,-15.34858,0.0,96
SCNW_6_PDRP36-APND,-5.530329479166666,11.171150127770746,-15.34858,0.0,96
SCNW_6_PDRP37-APND,-5.530329479166666,11.171150127770751,-15.34858,0.0,96
SCNW_6_PDRP38-APND,-5.530329479166666,11.17115012777075,-15.34858,0.0,96
SCNW_6_PDRP39-APND,-5.530329479166666,11.171150127770742,-15.34858,0.0,96
SCNW_6_PDRP40-APND,-5.530329479166666,11.17115012777075,-15.34858,0.0,96
SCNW_6_PDRP41-APND,-5.530329479166666,11.17115012777075,-15.34858,0.0,96
SCNW_6_PDRP42-APND,-5.530329479166666,11.171150127770748,-15.34858,0.0,96
SCNW_6_PDRP43-APND,-5.530329479166666,11.171150127770746,-15.34858,0.0,96
SCNW_6_PDRP44-APND,-5.530329479166666,11.171150127770746,-15.34858,0.0,96
SCNW_6_PDRP45-APND,-5.530329479166666,11.171150127770746,-15.34858,0.0,96
SCNW_6_PDRP46-APND,-5.530329479166666,11.17115012777075,-15.34858,0.0,96
SCNW_6_PDRP47-APND,-5.530329479166666,11.171150127770742,-15.34858,0.0,96
SCNW_6_PDRP48-APND,-5.530329479166666,11.171150127770748,-15.34858,0.0,96
SCNW_6_PDRP49-APND,-5.530329479166666,11.171150127770748,-15.34858,0.0,96
SCNW_6_PDRP50-APND,-5.530329479166666,11.171150127770748,-15.34858,0.0,96
SCNW_6_PDRP51-APND,-5.530329479166666,11.171150127770748,-15.34858,0.0,96
SCNW_6_PDRP52-APND,-5.530329479166666,11.171150127770746,-15.34858,0.0,96
SCNW_6_PDRP53-APND,-5.530329479166666,11.171150127770744,-15.34858,0.0,96
SCNW_6_PDRP54-APND,-5.530329479166666,11.171150127770746,-15.34858,0.0,96
SCNW_6_PDRP55-APND,-5.530329479166666,11.171150127770746,-15.34858,0.0,96
SCNW_6_PDRP56-APND,-5.279110833333333,12.51780215141437,-25.53518299999999,0.0,72
SCNW_6_PDRP57-APND,-5.530329479166666,11.171150127770748,-15.34858,0.0,96
SCNW_6_PDRP59-APND,-5.530329479166666,11.171150127770746,-15.34858,0.0,96
SCNW_6_PDRP61-APND,-5.530329479166666,11.17115012777075,-15.34858,0.0,96
SCNW_6_PDRP62-APND,-5.530329479166666,11.171150127770746,-15.34858,0.0,96
SCNW_6_PDRP63-APND,-5.530329479166666,11.17115012777075,-15.34858,0.0,96
SCNW_6_PDRP65-APND,-5.530329479166666,11.171150127770746,-15.34858,0.0,96
SCNW_6_PDRP66-APND,-5.530329479166666,11.17115012777075,-15.34858,0.0,96
SCNW_6_PDRP67-APND,-5.530329479166666,11.171150127770748,-15.34858,0.0,96
SCNW_6_PDRP68-APND,-5.530329479166666,11.171150127770746,-15.34858,0.0,96
SCNW_6_PDRP69-APND,-5.530329479166666,11.171150127770748,-15.34858,0.0,96
SCNW_6_PDRP71-APND,-13.299280000000001,19.314945280764817,-47.10635299999999,0.0,24
SCNW_6_PDRP73-APND,-2.9406793055555553,4.350055907059653,-9.654148,0.0,72
SCNW_6_RDRR08-APND,-5.530329479166666,11.17115012777075,-15.34858,0.0,96
SCNW_6_RDRR10-APND,-5.530329479166666,11.171150127770748,-15.34858,0.0,96
SCNW_6_RDRR11-APND,-5.530329479166666,11.17115012777075,-15.34858,0.0,96
SDG1_1_PDRP04-APND,-4.142258541666666,10.568089506218827,-11.303465,0.7554350000000001,96
SDG1_1_PDRP05-APND,-4.142258541666666,10.568089506218833,-11.303465,0.7554350000000001,96
SDG1_1_PDRP06-APND,-4.142258541666666,10.568089506218836,-11.303465,0.7554350000000001,96
SDG1_1_PDRP07-APND,-4.142258541666666,10.568089506218831,-11.303465,0.7554350000000001,96
SDG1_1_PDRP08-APND,-4.142258541666666,10.568089506218827,-11.303465,0.7554350000000001,96
SDG1_1_PDRP09-APND,-4.142258541666666,10.568089506218831,-11.303465,0.7554350000000001,96
SDG1_1_PDRP100-APND,-4.142258541666666,10.56808950621883,-11.303465,0.7554350000000001,96
SDG1_1_PDRP101-APND,-4.142258541666666,10.568089506218831,-11.303465,0.7554350000000001,96
SDG1_1_PDRP102-APND,-4.142258541666666,10.568089506218826,-11.303465,0.7554350000000001,96
SDG1_1_PDRP103-APND,-4.142258541666666,10.568089506218836,-11.303465,0.7554350000000001,96
SDG1_1_PDRP104-APND,-4.142258541666666,10.568089506218831,-11.303465,0.7554350000000001,96
SDG1_1_PDRP105-APND,-4.142258541666666,10.568089506218833,-11.303465,0.7554350000000001,96
SDG1_1_PDRP106-APND,-4.142258541666666,10.568089506218831,-11.303465,0.7554350000000001,96
SDG1_1_PDRP111-APND,-4.142258541666666,10.568089506218831,-11.303465,0.7554350000000001,96
SDG1_1_PDRP113-APND,-4.142258541666666,10.568089506218827,-11.303465,0.7554350000000001,96
SDG1_1_PDRP114-APND,-4.142258541666666,10.568089506218827,-11.303465,0.7554350000000001,96
SDG1_1_PDRP117-APND,-4.142258541666666,10.568089506218833,-11.303465,0.7554350000000001,96
SDG1_1_PDRP118-APND,-4.142258541666666,10.568089506218831,-11.303465,0.7554350000000001,96
SDG1_1_PDRP119-APND,-4.142258541666666,10.568089506218833,-11.303465,0.7554350000000001,96
SDG1_1_PDRP120-APND,-4.142258541666666,10.568089506218831,-11.303465,0.7554350000000001,96
SDG1_1_PDRP121-APND,-4.142258541666666,10.568089506218833,-11.303465,0.7554350000000001,96
SDG1_1_PDRP122-APND,-4.681871805555556,11.708971042680018,-23.458964999999992,0.0,72
SDG1_1_PDRP123-APND,-4.681871805555556,11.70897104268002,-23.458964999999992,0.0,72
SDG1_1_PDRP124-APND,-1.6376329166666668,2.2406715473219356,-4.331243,0.5395599999999995,24
SDG1_1_PDRP14-APND,-4.142258541666666,10.568089506218831,-11.303465,0.7554350000000001,96
SDG1_1_PDRP15-APND,-4.142258541666666,10.568089506218827,-11.303465,0.7554350000000001,96
SDG1_1_PDRP25-APND,-4.142258541666666,10.568089506218833,-11.303465,0.7554350000000001,96
SDG1_1_PDRP26-APND,-4.142258541666666,10.568089506218827,-11.303465,0.7554350000000001,96
SDG1_1_PDRP27-APND,-4.142258541666666,10.568089506218831,-11.303465,0.7554350000000001,96
SDG1_1_PDRP28-APND,-4.142258541666666,10.568089506218831,-11.303465,0.7554350000000001,96
SDG1_1_PDRP30-APND,-4.142258541666666,10.568089506218836,-11.303465,0.7554350000000001,96
SDG1_1_PDRP31-APND,-4.142258541666666,10.568089506218833,-11.303465,0.7554350000000001,96
SDG1_1_PDRP32-APND,-4.142258541666666,10.568089506218831,-11.303465,0.7554350000000001,96
SDG1_1_PDRP33-APND,-4.142258541666666,10.568089506218831,-11.303465,0.7554350000000001,96
SDG1_1_PDRP34-APND,-4.142258541666666,10.568089506218836,-11.303465,0.7554350000000001,96
SDG1_1_PDRP37-APND,-4.142258541666666,10.568089506218831,-11.303465,0.7554350000000001,96
SDG1_1_PDRP38-APND,-4.142258541666666,10.56808950621883,-11.303465,0.7554350000000001,96
SDG1_1_PDRP39-APND,-4.142258541666666,10.568089506218833,-11.303465,0.7554350000000001,96
SDG1_1_PDRP40-APND,-4.142258541666666,10.568089506218827,-11.303465,0.7554350000000001,96
SDG1_1_PDRP41-APND,-4.142258541666666,10.568089506218831,-11.303465,0.7554350000000001,96
SDG1_1_PDRP42-APND,-4.142258541666666,10.568089506218827,-11.303465,0.7554350000000001,96
SDG1_1_PDRP43-APND,-4.142258541666666,10.56808950621883,-11.303465,0.7554350000000001,96
SDG1_1_PDRP44-APND,-4.142258541666666,10.568089506218831,-11.303465,0.7554350000000001,96
SDG1_1_PDRP45-APND,-4.142258541666666,10.568089506218833,-11.303465,0.7554350000000001,96
SDG1_1_PDRP46-APND,-4.142258541666666,10.568089506218833,-11.303465,0.7554350000000001,96
SDG1_1_PDRP47-APND,-4.142258541666666,10.568089506218827,-11.303465,0.7554350000000001,96
SDG1_1_PDRP48-APND,-4.142258541666666,10.568089506218831,-11.303465,0.7554350000000001,96
SDG1_1_PDRP49-APND,-4.142258541666666,10.568089506218831,-11.303465,0.7554350000000001,96
SDG1_1_PDRP50-APND,-4.142258541666666,10.568089506218833,-11.303465,0.7554350000000001,96
SDG1_1_PDRP51-APND,-4.142258541666666,10.568089506218827,-11.303465,0.7554350000000001,96
SDG1_1_PDRP60-APND,-4.142258541666666,10.568089506218827,-11.303465,0.7554350000000001,96
SDG1_1_PDRP61-APND,-4.142258541666666,10.568089506218833,-11.303465,0.7554350000000001,96
SDG1_1_PDRP62-APND,-4.142258541666666,10.568089506218831,-11.303465,0.7554350000000001,96
SDG1_1_PDRP63-APND,-4.142258541666666,10.568089506218827,-11.303465,0.7554350000000001,96
SDG1_1_PDRP64-APND,-4.142258541666666,10.568089506218833,-11.303465,0.7554350000000001,96
SDG1_1_PDRP65-APND,-4.142258541666666,10.56808950621883,-11.303465,0.7554350000000001,96
SDG1_1_PDRP66-APND,-4.142258541666666,10.568089506218833,-11.303465,0.7554350000000001,96
SDG1_1_PDRP67-APND,-4.142258541666666,10.568089506218827,-11.303465,0.7554350000000001,96
SDG1_1_PDRP68-APND,-4.142258541666666,10.568089506218827,-11.303465,0.7554350000000001,96
SDG1_1_PDRP69-APND,-4.142258541666666,10.568089506218833,-11.303465,0.7554350000000001,96
SDG1_1_PDRP70-APND,-4.142258541666666,10.568089506218831,-11.303465,0.7554350000000001,96
SDG1_1_PDRP71-APND,-4.142258541666666,10.568089506218831,-11.303465,0.7554350000000001,96
SDG1_1_PDRP84-APND,-4.142258541666666,10.568089506218831,-11.303465,0.7554350000000001,96
SDG1_1_PDRP85-APND,-4.142258541666666,10.568089506218831,-11.303465,0.7554350000000001,96
SDG1_1_PDRP86-APND,-4.142258541666666,10.568089506218836,-11.303465,0.7554350000000001,96
SDG1_1_PDRP88-APND,-4.142258541666666,10.568089506218833,-11.303465,0.7554350000000001,96
SDG1_1_PDRP89-APND,-4.681871805555556,11.708971042680023,-23.458964999999992,0.0,72
SDG1_1_PDRP91-APND,-4.142258541666666,10.56808950621883,-11.303465,0.7554350000000001,96
SDG1_1_PDRP93-APND,-0.8010975,1.7845353041362084,-4.105573,0.0351130000000001,48
SDG1_1_PDRP95-APND,-0.8010975,1.7845353041362084,-4.105573,0.0351130000000001,48
SDG1_1_PDRP96-APND,-4.142258541666666,10.568089506218827,-11.303465,0.7554350000000001,96
SDG1_1_PDRP97-APND,-4.142258541666666,10.568089506218834,-11.303465,0.7554350000000001,96
SDG1_1_PDRP98-APND,-4.142258541666666,10.568089506218827,-11.303465,0.7554350000000001,96
SDG1_1_PDRP99-APND,-4.142258541666666,10.568089506218833,-11.303465,0.7554350000000001,96
SFPR_7_TOT_GEN-APND,0.0,0.0,0.0,0.0,96
SG_1_UNITS-APND,0.0,0.0,0.0,0.0,96
SHASTRD_7_UNITS-APND,0.0,0.0,0.0,0.0,96
SHELRF_1_UNITS-APND,9.5045078125,18.224912554299333,0.0,28.38617,96
SHW_2_SHEPDSCC_PLANT-APND,0.0,0.0,0.0,0.0,96
SLAP_PGCC-APND,9.8750353125,16.848398680632062,0.0,38.467925,96
SLAP_PGEB-APND,9.675909791666667,18.42938435823851,0.0,28.6266,96
SLAP_PGF1-APND,-0.31176020833333334,11.390546174262322,-8.52323,9.08961,96
SLAP_PGFG-APND,11.195415416666668,18.125518792594853,0.0,29.871875000000003,96
SLAP_PGHB-APND,9.909368229166667,21.68270885884865,-1.79481,23.409805,96
SLAP_PGKN-APND,-5.4748785416666665,11.380061476091743,-16.597575,0.0,96
SLAP_PGNB-APND,9.688190729166667,19.271383858026837,0.0,27.54917,96
SLAP_PGNC-APND,17.941567916666667,50.2479401418786,-11.697,36.5359,96
SLAP_PGNP-APND,8.172956354166667,16.902900263867654,-0.01642,22.919629999999998,96
SLAP_PGP2-APND,9.444455625,16.510435988263126,0.0,32.16105,96
SLAP_PGSB-APND,9.069034583333334,16.268056540738314,-0.06393,28.381425,96
SLAP_PGSF-APND,9.68449375,17.388282763615415,0.0,31.28738,96
SLAP_PGSI-APND,13.122154479166667,21.78400206387222,0.0,33.57852,96
SLAP_PGST-APND,9.001302083333334,17.97708294479414,-0.9308449999999999,23.05649,96
SLAP_PGZP-APND,-4.964908958333333,9.412421016632893,-17.637165,0.0,96
SLAP_SCEC-APND,-4.7624778125,10.656574727608968,-11.844375,0.0,96
SLAP_SCEN-APND,-5.126239375,11.351209690811748,-15.462810000000001,0.0,96
SLAP_SCEW-APND,-4.0428544791666665,11.555534075525605,-12.005035,0.0,96
SLAP_SCHD-APND,-5.100293645833333,10.53755171819348,-11.65864,0.0,96
SLAP_SCLD-APND,-4.376503020833334,9.864133233432824,-10.151395,0.0,96
SLAP_SCNW-APND,-5.5322275,11.174465199916986,-15.34858,0.0,96
SLAP_SDG1-APND,-4.13221375,10.599158885807304,-11.194305,0.133925,96
SLAP_VEA-APND,7.3008671875,57.217951970090596,-23.31971,0.0,96
SLL_6_MCASY-APND,0.0,0.0,0.0,0.0,96
SLNX_2_SOLANA-APND,0.0,0.0,0.0,0.0,96
SLSTR1_2_SOLAR1-APND,-5.867137916666667,11.873168137054675,-17.874145,0.0,96
SLSTR2_2_SOLAR2-APND,-5.867137916666667,11.873168137054675,-17.874145,0.0,96
SLUISP_2_UNITS-APND,11.909989895833334,32.95717697540807,-3.69937,39.452315,96
SLVRHWK_7_UNITS-APND,0.0,0.0,0.0,0.0,96
SMD1_ASR-APND,8.388249583333334,17.131969980063158,-0.02988,22.66943,96
SMD2_ASR-APND,8.403500416666667,17.187616662269495,-0.02988,22.540025,96
SMD4_ASR-APND,8.403500416666667,17.187616662269495,-0.02988,22.540025,96
SMD5_ASR-APND,8.403500416666667,17.187616662269495,-0.02988,22.540025,96
SMD6_ASR-APND,8.403500416666667,17.18761666226949,-0.02988,22.540025,96
SMD7_ASR-APND,8.403500416666667,17.187616662269498,-0.02988,22.540025,96
SMD8_ASR-APND,8.403500416666667,17.187616662269498,-0.02988,22.540025,96
SMD9_ASR-APND,8.403500416666667,17.187616662269498,-0.02988,22.540025,96
SMDA_ASR-APND,8.403500416666667,17.187616662269495,-0.02988,22.540025,96
SMDB_ASR-APND,8.403500416666667,17.1876166622695,-0.02988,22.540025,96
SMDC_ASR-APND,8.403500416666667,17.187616662269498,-0.02988,22.540025,96
SMDG_ASR-APND,8.403500416666667,17.187616662269498,-0.02988,22.540025,96
SMDH_ASR-APND,8.403500416666667,17.187616662269498,-0.02988,22.540025,96
SMS_1_UNITS-APND,0.0,0.0,0.0,0.0,96
SOLBLU_2_WSBBX2-APND,-2.5976025000000003,11.281441516686362,-16.80944,1.139665,96
SOLBLU_2_WSBSX2-APND,-2.5976025000000003,11.281441516686362,-16.80944,1.139665,96
SOUTHPOINT_2_UNITS-APND,0.0,0.0,0.0,0.0,96
SPAULD_6_UNIT12-APND,24.203992187500003,54.6893774404663,0.0,54.72865,96
SPICER_1_UNITS-APND,8.233645416666667,16.557579266712487,0.0,23.397365,96
SP_2_SPCTMSG-APND,0.0,0.0,0.0,0.0,96
SRP_CHOLLA500_SRP-APND,0.0,0.0,0.0,0.0,96
SRP_COOLIDGE_WALC-APND,0.0,0.0,0.0,0.0,96
SRP_CORONAD500_TEPC-APND,0.0,0.0,0.0,0.0,96
SRP_COVEFORT-APND,0.0,0.0,0.0,0.0,96
SRP_DESERTBASIN-APND,0.0,0.0,0.0,0.0,96
SRP_DUKE500_WALC-APND,0.0,0.0,0.0,0.0,96
SRP_FOURCORNE345_AZPS-APND,0.0,0.0,0.0,0.0,96
SRP_FOURCORNE500_AZPS-APND,0.0,0.0,0.0,0.0,96
SRP_GILARIVER500-APND,0.0,0.0,0.0,0.0,96
SRP_GILARVR500_TEPC-APND,0.0,0.0,0.0,0.0,96
SRP_HAYDEN115_WALC-APND,0.0,0.0,0.0,0.0,96
SRP_JOJOBA500-APND,0.0,0.0,0.0,0.0,96
SRP_KNOX230-APND,0.0,0.0,0.0,0.0,96
SRP_KYRENE230-APND,0.0,0.0,0.0,0.0,96
SRP_LIBERTY230_WALC-APND,0.0,0.0,0.0,0.0,96
SRP_PALOVERDE500-APND,0.0,0.0,0.0,0.0,96
SRP_PANDA230-APND,0.0,0.0,0.0,0.0,96
SRP_PINLWST500_TEPC-APND,0.0,0.0,0.0,0.0,96
SRP_PINPKAPS230_SRP-APND,0.0,0.0,0.0,0.0,96
SRP_PINPKSRP230_SRP-APND,0.0,0.0,0.0,0.0,96
SRP_PNLCENT500_TEPC-APND,0.0,0.0,0.0,0.0,96
SRP_PPKSRP230_WALC-APND,0.0,0.0,0.0,0.0,96
SRP_PPKWALC230_WALC-APND,0.0,0.0,0.0,0.0,96
SRP_RUDD230-APND,0.0,0.0,0.0,0.0,96
SRP_SPRNGER345_TEPC-APND,0.0,0.0,0.0,0.0,96
SRP_SRPNETWORK_WALC-APND,0.0,0.0,0.0,0.0,96
SRP_SRP_SYSTEM-APND,0.0,0.0,0.0,0.0,96
SRP_SUGARLOAF500-APND,0.0,0.0,0.0,0.0,96
SRP_WESTWING230_SRP-APND,0.0,0.0,0.0,0.0,96
SRP_WESTWING500_SRP-APND,0.0,0.0,0.0,0.0,96
SRP_WWNG230SRP_WALC-APND,0.0,0.0,0.0,0.0,96
SRP_WWNG500SRP_WALC-APND,0.0,0.0,0.0,0.0,96
STANTN_2_SBEBX2-APND,-4.2718626041666665,11.108546614905618,-11.89081,0.0,96
STL_1_NINEMILE_PLANT-APND,0.0,0.0,0.0,0.0,96
STOILS_1_UNITS-APND,9.495925,18.25476420858015,0.0,28.38617,96
ST_2_BLK5-APND,0.0,0.0,0.0,0.0,96
ST_2_BLK6-APND,0.0,0.0,0.0,0.0,96
SUMMERFL_1_AGGGEN-APND,0.0,0.0,0.0,0.0,96
SUMMIT_ASR-APND,9.525160833333333,18.464322418000254,0.0,35.89631,96
SUNRIS_2_PL1X3-APND,-5.9522047916666665,10.341777398813232,-16.597575,0.0,96
SUNSHN_2_LNDFL-APND,-5.520152499999999,11.151635184395811,-15.264194999999999,0.0,96
SWPO_1_TOT_GEN-APND,0.0,0.0,0.0,0.0,96
TECOLOTE_3_TECOLOTEWF-APND,0.0,0.0,0.0,0.0,96
TENGEN_2_PL1X2-APND,-5.520152499999999,11.151635184395815,-15.264194999999999,0.0,96
TEPC_BLACKMESA230-APND,0.0,0.0,0.0,0.0,96
TEPC_CORONAD500_TEPC-APND,0.0,0.0,0.0,0.0,96
TEPC_FOURCORNE345_TEPC-APND,0.0,0.0,0.0,0.0,96
TEPC_FOURCORNE500_TEPC-APND,0.0,0.0,0.0,0.0,96
TEPC_GILARVR500_TEPC-APND,0.0,0.0,0.0,0.0,96
TEPC_GREENLEE_EPE-APND,0.0,0.0,0.0,0.0,96
TEPC_GREENLEE_WALC-APND,0.0,0.0,0.0,0.0,96
TEPC_GRENLESWT345-APND,0.0,0.0,0.0,0.0,96
TEPC_GRIFFITH230_TE-APND,0.0,0.0,0.0,0.0,96
TEPC_HACKBERRY230-APND,0.0,0.0,0.0,0.0,96
TEPC_HILLTOP230-APND,0.0,0.0,0.0,0.0,96
TEPC_LIBERTY_230UNS-APND,0.0,0.0,0.0,0.0,96
TEPC_LUNA345_TEPC-APND,0.0,0.0,0.0,0.0,96
TEPC_MACHOSPRNG345-APND,0.0,0.0,0.0,0.0,96
TEPC_MCKINLEY345_TEPC-APND,0.0,0.0,0.0,0.0,96
TEPC_NECLOAD-APND,0.0,0.0,0.0,0.0,96
TEPC_OSOGRANDE-APND,0.0,0.0,0.0,0.0,96
TEPC_PINLWST500_TEPC-APND,0.0,0.0,0.0,0.0,96
TEPC_PNLCENT500_TEPC-APND,0.0,0.0,0.0,0.0,96
TEPC_SAGUARO500-APND,0.0,0.0,0.0,0.0,96
TEPC_SJ345_TEPC-APND,0.0,0.0,0.0,0.0,96
TEPC_SPRINGER345_TEPC-APND,0.0,0.0,0.0,0.0,96
TEPC_SPRINGER_EPE-APND,0.0,0.0,0.0,0.0,96
TEPC_SPRNGER345_TEPC-APND,0.0,0.0,0.0,0.0,96
TEPC_VAIL345-APND,0.0,0.0,0.0,0.0,96
TEPC_WALC.SYS_TEP-APND,0.0,0.0,0.0,0.0,96
TEPC_WESTWING500_TEPC-APND,0.0,0.0,0.0,0.0,96
TEPC_WINCHESTR345-APND,0.0,0.0,0.0,0.0,96
TERMEX_2_PL1X3-APND,-4.846376041666667,10.498325161248943,-11.041889999999999,0.0,96
TFPR_1_TOT_GEN-APND,0.0,0.0,0.0,0.0,96
TH_NP15_GEN-APND,7.023642395833334,15.018229179880011,-0.93736,22.025640000000003,96
TH_NP15_GEN_OFFPEAK-APND,6.14911738095238,18.87509848864113,-0.501751,13.591306999999983,42
TH_NP15_GEN_ONPEAK-APND,7.7038285185185185,11.296047940946764,-1.1335419999999998,22.118672000000004,54
TH_SP15_GEN-APND,-6.560558749999999,11.666785749403868,-19.953085,0.00183,96
TH_SP15_GEN_OFFPEAK-APND,-4.720707142857143,13.892289468989851,-9.091357999999996,0.05557399999999995,42
TH_SP15_GEN_ONPEAK-APND,-7.991554444444445,9.482103157585108,-20.593422999999998,-0.1197149999999999,54
TH_ZP26_GEN-APND,-5.159740729166667,9.031681807488832,-15.694365000000001,0.0,96
TH_ZP26_GEN_OFFPEAK-APND,-4.293801190476191,12.00560750227956,-11.244258999999996,0.0,42
TH_ZP26_GEN_ONPEAK-APND,-5.833249259259259,5.801371468367794,-15.737651,-0.07047999999999979,54
TIDC_WESTLEY-APND,0.0,0.0,0.0,0.0,96
TIGRCK_7_UNITS-APND,8.233645416666667,16.557579266712484,0.0,23.397365,96
TPWR_BPAT.TPU-APND,0.0,0.0,0.0,0.0,96
TPWR_MAINCANALGEN-APND,0.0,0.0,0.0,0.0,96
TPWR_SUMMERFALLGEN-APND,0.0,0.0,0.0,0.0,96
TPWR_TPWR.STAR-APND,0.0,0.0,0.0,0.0,96
TRACY_7_UNITS 4-5-APND,0.0,0.0,0.0,0.0,96
TRW1_2_PLANT-APND,0.0,0.0,0.0,0.0,96
TULLCK_7_UNITS-APND,7.0593915625,19.074693532998687,-2.05664,23.031415,96
TUOLUMNE_2_TW-APND,0.0,0.0,0.0,0.0,96
TURLLAKE_7_PLANT-APND,0.0,0.0,0.0,0.0,96
TWINPEAK_1_CAPAGPUMPS-APND,0.0,0.0,0.0,0.0,96
TXW_1_UNITS-APND,0.0,0.0,0.0,0.0,96
T_FALLS_7_TMPS-APND,0.0,0.0,0.0,0.0,96
UPRCOL_5_ABC_ORA-APND,0.0,0.0,0.0,0.0,96
UPRCOL_5_APR_ORA-APND,0.0,0.0,0.0,0.0,96
UPRCOL_5_BASE_ORA-APND,0.0,0.0,0.0,0.0,96
UPRCOL_5_CR-APND,0.0,0.0,0.0,0.0,96
US12_1_TOT_A_GEN-APND,0.0,0.0,0.0,0.0,96
US34_1_TOT_B_GEN-APND,0.0,0.0,0.0,0.0,96
VALGS_2_CC_6_7_8-APND,0.0,0.0,0.0,0.0,96
VALMY_7_UNITS-APND,0.0,0.0,0.0,0.0,96
VERNON_6_MALBRG-APND,-4.510801979166667,11.278385279840526,-14.955425,0.0,96
VESTAL_2_KERN-APND,-4.889854583333333,11.610572193428933,-15.50924,0.0,96
W TRACY_7_UNITS 8-10-APND,0.0,0.0,0.0,0.0,96
WALC_BCTAP230-APND,0.0,0.0,0.0,0.0,96
WALC_BLACKMESA230-APND,0.0,0.0,0.0,0.0,96
WALC_BUCKEYE230-APND,0.0,0.0,0.0,0.0,96
WALC_COOLIDGE_WALC-APND,0.0,0.0,0.0,0.0,96
WALC_DUKE500_WALC-APND,0.0,0.0,0.0,0.0,96
WALC_GILA69-APND,0.0,0.0,0.0,0.0,96
WALC_GREENLEE_WALC-APND,0.0,0.0,0.0,0.0,96
WALC_GRENLESWT345-APND,0.0,0.0,0.0,0.0,96
WALC_GRIFFITH230_TE-APND,0.0,0.0,0.0,0.0,96
WALC_HACKBERRY230-APND,0.0,0.0,0.0,0.0,96
WALC_HAYDEN115_WALC-APND,0.0,0.0,0.0,0.0,96
WALC_HILLTOP230-APND,0.0,0.0,0.0,0.0,96
WALC_LIBERTY230-APND,0.0,0.0,0.0,0.0,96
WALC_LIBERTY230_WALC-APND,0.0,0.0,0.0,0.0,96
WALC_LIBERTY_230UNS-APND,0.0,0.0,0.0,0.0,96
WALC_MCC230.LDWP-APND,0.0,0.0,0.0,0.0,96
WALC_MEAD230.LDWP-APND,0.0,0.0,0.0,0.0,96
WALC_MEAD230_NEVP-APND,0.0,0.0,0.0,0.0,96
WALC_MEAD500-APND,0.0,0.0,0.0,0.0,96
WALC_MRKTPLACE.LDWP-APND,0.0,0.0,0.0,0.0,96
WALC_NRTHGILA69-APND,0.0,0.0,0.0,0.0,96
WALC_ORACLE115-APND,0.0,0.0,0.0,0.0,96
WALC_PARKER230-APND,0.0,0.0,0.0,0.0,96
WALC_PINPKAPS230_WALC-APND,0.0,0.0,0.0,0.0,96
WALC_PNPKWALC230-APND,0.0,0.0,0.0,0.0,96
WALC_PPKSRP230_WALC-APND,0.0,0.0,0.0,0.0,96
WALC_PPKWALC230_WALC-APND,0.0,0.0,0.0,0.0,96
WALC_RACEWAY230-APND,0.0,0.0,0.0,0.0,96
WALC_SADLBROKRNCH-APND,0.0,0.0,0.0,0.0,96
WALC_SAGUARO115-APND,0.0,0.0,0.0,0.0,96
WALC_SANTAROSA230-APND,0.0,0.0,0.0,0.0,96
WALC_SRPNETWORK_WALC-APND,0.0,0.0,0.0,0.0,96
WALC_SRP_SYSTEM-APND,0.0,0.0,0.0,0.0,96
WALC_SUNDANCE-APND,0.0,0.0,0.0,0.0,96
WALC_SUNVALLEY230-APND,0.0,0.0,0.0,0.0,96
WALC_SWAZSYS-APND,0.0,0.0,0.0,0.0,96
WALC_TESTTRACK230-APND,0.0,0.0,0.0,0.0,96
WALC_VAIL345-APND,0.0,0.0,0.0,0.0,96
WALC_WALC.SYS-APND,0.0,0.0,0.0,0.0,96
WALC_WALC.SYS_TEP-APND,0.0,0.0,0.0,0.0,96
WALC_WESTWING230_WALC-APND,0.0,0.0,0.0,0.0,96
WALC_WESTWING500_WALC-APND,0.0,0.0,0.0,0.0,96
WALC_WINCHESTR345-APND,0.0,0.0,0.0,0.0,96
WALC_WWNG230SRP_WALC-APND,0.0,0.0,0.0,0.0,96
WALC_WWNG500SRP_WALC-APND,0.0,0.0,0.0,0.0,96
WALNUTEC_1_UNITS-APND,0.0,0.0,0.0,0.0,96
WAPAMEEA1_OFF_ASR-APND,7.805976458333333,16.91425304937584,-0.033615,20.14851,96
WAPAMEEA1_ON_ASR-APND,7.889985208333333,17.096064979765185,-0.033615,20.42602,96
WAPAMEEA2_OFF_ASR-APND,7.805976458333333,16.91425304937584,-0.033615,20.14851,96
WAPAMEEA2_ON_ASR-APND,7.889985208333333,17.09606497976519,-0.033615,20.42602,96
WAPAMEEA3_OFF_ASR-APND,7.805976458333333,16.914253049375844,-0.033615,20.14851,96
WAPAMEEA3_ON_ASR-APND,7.889985208333333,17.096064979765185,-0.033615,20.42602,96
WARNE_2_UNIT-APND,-4.845342083333334,11.507234166416305,-15.395015,0.0,96
WCW_2_WHITECRK_PLANT-APND,0.0,0.0,0.0,0.0,96
WESTROCK_1_BKS-APND,0.0,0.0,0.0,0.0,96
WFD_2_ENERGIZE_PLANT-APND,0.0,0.0,0.0,0.0,96
WH2_2_CHEM_WE4_PLANT-APND,0.0,0.0,0.0,0.0,96
WISHON_6_UNITS-APND,-0.30884562499999996,11.66736606461276,-9.377195,9.42656,96
WNDSTR_2_WIND-APND,-5.6378721875,11.371855603160416,-15.58075,0.0,96
WOODLAND_7_WGSUNIT2-APND,0.0,0.0,0.0,0.0,96
WOODLAND_7_WGSUNIT3-APND,0.0,0.0,0.0,0.0,96
WP_2_WPCC4-APND,0.0,0.0,0.0,0.0,96
WP_2_WPCC5MSG-APND,0.0,0.0,0.0,0.0,96
WRW_2_BLUERDG_PLANT-APND,0.0,0.0,0.0,0.0,96
WSH_1_WESTSIDEHYD-APND,0.0,0.0,0.0,0.0,96
YU_6_TGEN-APND,0.0,0.0,0.0,0.0,96
